/*
SQLyog Ultimate - MySQL GUI v8.2 
MySQL - 5.5.34 : Database - sebayhotel_db
*********************************************************************
*/

/*!40101 SET NAMES utf8 */;

/*!40101 SET SQL_MODE=''*/;

/*!40014 SET @OLD_UNIQUE_CHECKS=@@UNIQUE_CHECKS, UNIQUE_CHECKS=0 */;
/*!40014 SET @OLD_FOREIGN_KEY_CHECKS=@@FOREIGN_KEY_CHECKS, FOREIGN_KEY_CHECKS=0 */;
/*!40101 SET @OLD_SQL_MODE=@@SQL_MODE, SQL_MODE='NO_AUTO_VALUE_ON_ZERO' */;
/*!40111 SET @OLD_SQL_NOTES=@@SQL_NOTES, SQL_NOTES=0 */;
/*Table structure for table `audit` */

DROP TABLE IF EXISTS `audit`;

CREATE TABLE `audit` (
  `auditid` int(11) NOT NULL AUTO_INCREMENT,
  `timestamp` timestamp NULL DEFAULT NULL,
  `sample` varchar(50) DEFAULT NULL,
  PRIMARY KEY (`auditid`)
) ENGINE=InnoDB AUTO_INCREMENT=3 DEFAULT CHARSET=utf8;

/*Data for the table `audit` */

insert  into `audit`(`auditid`,`timestamp`,`sample`) values (1,NULL,'sadasd'),(2,NULL,'ddddd');

/*Table structure for table `audit_trail` */

DROP TABLE IF EXISTS `audit_trail`;

CREATE TABLE `audit_trail` (
  `transid` bigint(20) NOT NULL AUTO_INCREMENT,
  `transDate` date DEFAULT NULL,
  `transactionMade` varchar(200) DEFAULT NULL,
  `suserid` varchar(20) DEFAULT NULL,
  PRIMARY KEY (`transid`)
) ENGINE=InnoDB AUTO_INCREMENT=654 DEFAULT CHARSET=latin1;

/*Data for the table `audit_trail` */

insert  into `audit_trail`(`transid`,`transDate`,`transactionMade`,`suserid`) values (86,'2016-02-10','Edited Room Rate for: ROOM 1 with roomid 1','1'),(87,'2016-02-10','Edited Room Rate for: ROOM 2 with roomid 2','1'),(88,'2016-02-10','Edited Room Rate for: ROOM 3 with roomid 3','1'),(89,'2016-02-10','Edited Room Rate for: ROOM 4 with roomid 4','1'),(90,'2016-02-10','Edited Room Rate for: ROOM 5 with roomid 5','1'),(91,'2016-02-10','Edited Room Rate for: ROOM 6 with roomid 6','1'),(92,'2016-02-10','Edited Room Rate for: ROOM 7 with roomid 7','1'),(93,'2016-02-10','Edited Room Rate for: ROOM 8 with roomid 8','1'),(94,'2016-02-10','Edited Room Rate for: AVA with roomid 10','1'),(95,'2016-02-12','Added guest: LIEZEL ABRQUE','1'),(96,'2016-02-12','Added Reservation: with bookingid R69','1'),(97,'2016-02-12','Accepted payment: with bookingid R69','1'),(98,'2016-02-12','Checked-In Reservation: with bookingid R69','1'),(99,'2016-02-12','Added guest: ALI DANA','1'),(100,'2016-02-12','Added Reservation: with bookingid R70','1'),(101,'2016-02-12','Added guest: CHARISSA GOMEZ','1'),(102,'2016-02-12','Added guest: DOLLY GRACE PANGILINAN','1'),(103,'2016-02-12','Added guest: MARIE STEPHANIE CHING','1'),(104,'2016-02-12','Added guest: INA MOLANO','1'),(105,'2016-02-12','Added Reservation: with bookingid R71','1'),(106,'2016-02-12','Added Reservation: with bookingid R72','1'),(107,'2016-02-12','Added Reservation: with bookingid R73','1'),(108,'2016-02-12','Accepted Downpayment: with bookingid R73','1'),(109,'2016-02-12','Added Reservation: with bookingid R74','1'),(110,'2016-02-12','Accepted Downpayment: with bookingid R74','1'),(111,'2016-02-12','Added Reservation: with bookingid R75','1'),(112,'2016-02-12','Accepted Downpayment: with bookingid R75','1'),(113,'2016-02-12','Added Reservation: with bookingid R76','1'),(114,'2016-02-12','Accepted Downpayment: with bookingid R76','1'),(115,'2016-02-12','Added Reservation: with bookingid R77','1'),(116,'2016-02-12','Accepted Downpayment: with bookingid R77','1'),(117,'2016-02-12','Added guest: BUENA MERCADO','1'),(118,'2016-02-12','Added guest: MINI BERENGULA','1'),(119,'2016-02-12','Added guest: LOURDES HERERRA','1'),(120,'2016-02-12','Added guest: MAJORIE TORRES','1'),(121,'2016-02-12','Added guest: ROMINA JO OPULENCIA','1'),(122,'2016-02-12','Added guest: MARI DELA CRUZ','1'),(123,'2016-02-12','Added guest: TELLA UY','1'),(124,'2016-02-12','Added guest: AR AR REYES','1'),(125,'2016-02-12','Added guest: JOHANNE SIBUG','1'),(126,'2016-02-12','Added guest: JEAN HERNANDEZ','1'),(127,'2016-02-12','Added guest: RALPH KESTER RAGAZA','1'),(128,'2016-02-12','Added Reservation: with bookingid R78','1'),(129,'2016-02-12','Accepted Downpayment: with bookingid R78','1'),(130,'2016-02-12','Added Reservation: with bookingid R79','1'),(131,'2016-02-12','Accepted Downpayment: with bookingid R79','1'),(132,'2016-02-12','Added Reservation: with bookingid R80','1'),(133,'2016-02-12','Accepted Downpayment: with bookingid R80','1'),(134,'2016-02-12','Added Reservation: with bookingid R81','1'),(135,'2016-02-12','Accepted Downpayment: with bookingid R81','1'),(136,'2016-02-12','Added Reservation: with bookingid R82','1'),(137,'2016-02-12','Added Reservation: with bookingid R83','1'),(138,'2016-02-12','Accepted Downpayment: with bookingid R83','1'),(139,'2016-02-12','Added Reservation: with bookingid R84','1'),(140,'2016-02-12','Added Reservation: with bookingid R85','1'),(141,'2016-02-12','Accepted Downpayment: with bookingid R85','1'),(142,'2016-02-12','Added Reservation: with bookingid R86','1'),(143,'2016-02-12','Accepted Downpayment: with bookingid R86','1'),(144,'2016-02-12','Added Reservation: with bookingid R87','1'),(145,'2016-02-12','Added guest: KRISTINE PIZZARO','1'),(146,'2016-02-12','Added guest: DOUGLAS PRADO','1'),(147,'2016-02-12','Added guest: ICE TAN','1'),(148,'2016-02-12','Added guest: KRIZIA CAMILLE VARGAS','1'),(149,'2016-02-12','Added guest: BERNALDEEN UY','1'),(150,'2016-02-12','Added guest: EDGARDO CUEVAS','1'),(151,'2016-02-12','Added guest: CRISTINA MORALES','1'),(152,'2016-02-12','Added guest: GEO PATRICIO','1'),(153,'2016-02-12','Added guest: NICA BALISI','1'),(154,'2016-02-12','Added guest: MARISEN JERUSALEM','1'),(155,'2016-02-12','Added guest: JAY LACARTE','1'),(156,'2016-02-12','Added guest: VIELA SANTOS','1'),(157,'2016-02-12','Added guest: NEIL ANDRE ABAD','1'),(158,'2016-02-12','Added guest: LENNY CRISTOBAL','1'),(159,'2016-02-12','Added guest: HELENA TIONGSON','1'),(160,'2016-02-12','Added guest: EDMOND DEFIESTA','1'),(161,'2016-02-12','Added guest: KING MONFEREAL','1'),(162,'2016-02-12','Added guest: JONEL DERILO','1'),(163,'2016-02-12','Added guest: LEYD TULUD','1'),(164,'2016-02-12','Added guest: AARON MANALANZAN','1'),(165,'2016-02-12','Added guest: ANNA MARIE MACARAIG','1'),(166,'2016-02-12','Added guest: DENNIS GONZALO LABORDO','1'),(167,'2016-02-12','Added guest: LIA CABUSORA','1'),(168,'2016-02-12','Added Reservation: with bookingid R88','1'),(169,'2016-02-12','Added Reservation: with bookingid R89','1'),(170,'2016-02-12','Accepted Downpayment: with bookingid R89','1'),(171,'2016-02-12','Added Reservation: with bookingid R90','1'),(172,'2016-02-12','Accepted Downpayment: with bookingid R90','1'),(173,'2016-02-12','Added Reservation: with bookingid R91','1'),(174,'2016-02-12','Added Reservation: with bookingid R92','1'),(175,'2016-02-12','Added Reservation: with bookingid R93','1'),(176,'2016-02-12','Added Reservation: with bookingid R94','1'),(177,'2016-02-12','Added Reservation: with bookingid R95','1'),(178,'2016-02-12','Added Reservation: with bookingid R96','1'),(179,'2016-02-12','Added Reservation: with bookingid R97','1'),(180,'2016-02-12','Accepted Downpayment: with bookingid R97','1'),(181,'2016-02-12','Added Reservation: with bookingid R98','1'),(182,'2016-02-12','Accepted Downpayment: with bookingid R98','1'),(183,'2016-02-12','Added Reservation: with bookingid R99','1'),(184,'2016-02-12','Accepted Downpayment: with bookingid R99','1'),(185,'2016-02-12','Added Reservation: with bookingid R100','1'),(186,'2016-02-12','Added Reservation: with bookingid R101','1'),(187,'2016-02-12','Added Reservation: with bookingid R102','1'),(188,'2016-02-12','Accepted Downpayment: with bookingid R102','1'),(189,'2016-02-12','Added Reservation: with bookingid R103','1'),(190,'2016-02-12','Added Reservation: with bookingid R104','1'),(191,'2016-02-12','Added Reservation: with bookingid R105','1'),(192,'2016-02-12','Accepted Downpayment: with bookingid R105','1'),(193,'2016-02-12','Added Reservation: with bookingid R106','1'),(194,'2016-02-12','Accepted Downpayment: with bookingid R106','1'),(195,'2016-02-12','Added Reservation: with bookingid R107','1'),(196,'2016-02-12','Accepted payment: with bookingid R107','1'),(197,'2016-02-12','Added Reservation: with bookingid R108','1'),(198,'2016-02-12','Added Reservation: with bookingid R109','1'),(199,'2016-02-12','Added guest: JAYZEL BABLES','1'),(200,'2016-02-12','Added guest: JONALYN PINSON','1'),(201,'2016-02-12','Added guest: JOHN JASON ALBERTO','1'),(202,'2016-02-12','Added guest: KRITINE FETALVERO','1'),(203,'2016-02-12','Added guest: JANIAH PACLETA','1'),(204,'2016-02-12','Added guest: FILIPINAS CARVAJAL','1'),(205,'2016-02-12','Added guest: HERMAN TIU','1'),(206,'2016-02-12','Added guest: CEDRIC ABACCO','1'),(207,'2016-02-12','Added guest: NISSIN','1'),(208,'2016-02-12','Added guest: JAKE MARTIN TAGARO','1'),(209,'2016-02-12','Added guest: ALBERT AVECILLA','1'),(210,'2016-02-12','Added guest: RONALD MACALLE','1'),(211,'2016-02-12','Added guest: EILEEN CRUZ','1'),(212,'2016-02-12','Added guest: HARVIN TIU AND HERMAN TIU','1'),(213,'2016-02-12','Added guest: KRISSAR UDDING','1'),(214,'2016-02-12','Added guest: ANDREA BAGOTTO','1'),(215,'2016-02-12','Added guest: CLAIRE V.','1'),(216,'2016-02-12','Added guest: JESS MARK ONG','1'),(217,'2016-02-12','Updated Settings: with season SUPER PEAK','1'),(218,'2016-02-12','Added Reservation: with bookingid R110','1'),(219,'2016-02-12','Added Reservation: with bookingid R111','1'),(220,'2016-02-12','Accepted Downpayment: with bookingid R111','1'),(221,'2016-02-12','Added Reservation: with bookingid R112','1'),(222,'2016-02-12','Accepted Downpayment: with bookingid R112','1'),(223,'2016-02-12','Added Reservation: with bookingid R113','1'),(224,'2016-02-12','Accepted Downpayment: with bookingid R113','1'),(225,'2016-02-12','Added Reservation: with bookingid R114','1'),(226,'2016-02-12','Accepted Downpayment: with bookingid R114','1'),(227,'2016-02-12','Added Reservation: with bookingid R115','1'),(228,'2016-02-12','Accepted Downpayment: with bookingid R115','1'),(229,'2016-02-12','Added Reservation: with bookingid R116','1'),(230,'2016-02-12','Updated Settings: with season PEAK','1'),(231,'2016-02-12','Added Reservation: with bookingid R117','1'),(232,'2016-02-12','Updated Settings: with season PEAK','1'),(233,'2016-02-12','Added Reservation: with bookingid R118','1'),(234,'2016-02-12','Accepted Downpayment: with bookingid R118','1'),(235,'2016-02-12','Accepted payment: with bookingid R118','1'),(236,'2016-02-12','Added Reservation: with bookingid R119','1'),(237,'2016-02-12','Accepted Downpayment: with bookingid R119','1'),(238,'2016-02-12','Added Reservation: with bookingid R120','1'),(239,'2016-02-12','Added Reservation: with bookingid R121','1'),(240,'2016-02-12','Accepted payment: with bookingid R121','1'),(241,'2016-02-12','Added Reservation: with bookingid R122','1'),(242,'2016-02-12','Accepted payment: with bookingid R122','1'),(243,'2016-02-12','Added Reservation: with bookingid R123','1'),(244,'2016-02-12','Added Reservation: with bookingid R124','1'),(245,'2016-02-12','Added Reservation: with bookingid R125','1'),(246,'2016-02-12','Accepted Downpayment: with bookingid R125','1'),(247,'2016-02-12','Added Reservation: with bookingid R126','1'),(248,'2016-02-12','Added Reservation: with bookingid R127','1'),(249,'2016-02-12','Added Reservation: with bookingid R128','1'),(250,'2016-02-12','Accepted payment: with bookingid R128','1'),(251,'2016-02-12','Added Reservation: with bookingid R129','1'),(252,'2016-02-12','Accepted payment: with bookingid R129','1'),(253,'2016-02-12','Added Reservation: with bookingid R130','1'),(254,'2016-02-12','Added Reservation: with bookingid R131','1'),(255,'2016-02-12','Added Reservation: with bookingid R132','1'),(256,'2016-02-12','Added Reservation: with bookingid R133','1'),(257,'2016-02-12','Accepted Downpayment: with bookingid R133','1'),(258,'2016-02-12','Added Reservation: with bookingid R134','1'),(259,'2016-02-12','Accepted Downpayment: with bookingid R134','1'),(260,'2016-02-12','Added Reservation: with bookingid R135','1'),(261,'2016-02-12','Accepted Downpayment: with bookingid R135','1'),(262,'2016-02-12','Added Reservation: with bookingid R136','1'),(263,'2016-02-12','Accepted Downpayment: with bookingid R136','1'),(264,'2016-02-12','Added Reservation: with bookingid R137','1'),(265,'2016-02-12','Accepted Downpayment: with bookingid R137','1'),(266,'2016-02-15','Added guest: SAMPLE','2'),(267,'2016-02-15','Added Reservation: with bookingid R138','2'),(268,'2016-02-15','Edited User: JHOVELYN with userid 2','2'),(269,'2016-02-15','Added User: REYVIC','2'),(270,'2016-02-15','Added guest: JC CASTILLO','2'),(271,'2016-02-15','Added Reservation: with bookingid R139','2'),(272,'2016-02-15','Added guest: JEROME AQUINO','2'),(273,'2016-02-15','Added guest: RACHEL MOONG','2'),(274,'2016-02-15','Added Reservation: with bookingid R140','2'),(275,'2016-02-15','Added Reservation: with bookingid R141','2'),(276,'2016-02-15','Added guest: TEODORO JOSE ORQUIZA','2'),(277,'2016-02-15','Added guest: AILEEN SERRANO','2'),(278,'2016-02-15','Added guest: DRAHCIR SALAZAR','2'),(279,'2016-02-15','Added guest: ERJOSH SALVAME','2'),(280,'2016-02-15','Added Reservation: with bookingid R142','2'),(281,'2016-02-15','Added Reservation: with bookingid R143','2'),(282,'2016-02-15','Added Reservation: with bookingid R144','2'),(283,'2016-02-15','Added Reservation: with bookingid R145','2'),(284,'2016-02-15','Added guest: JOANNE PACIS','2'),(285,'2016-02-15','Added guest: CARLO SAMBILAY','2'),(286,'2016-02-15','Added Reservation: with bookingid R146','2'),(287,'2016-02-15','Added Reservation: with bookingid R147','2'),(288,'2016-02-15','Added Reservation: with bookingid R148','2'),(289,'2016-02-15','Added Reservation: with bookingid R149','2'),(290,'2016-02-16','Added guest: CARLO RENIVA','1'),(291,'2016-02-16','Added guest: DAYDEE VILLARAMA','1'),(292,'2016-02-16','Added guest: ZUZETE','1'),(293,'2016-02-16','Added Reservation: with bookingid R150','1'),(294,'2016-02-16','Accepted Downpayment: with bookingid R150','1'),(295,'2016-02-16','Added Reservation: with bookingid R151','1'),(296,'2016-02-16','Added Reservation: with bookingid R152','1'),(297,'2016-02-17','Added guest: KIM MIN WOO','1'),(298,'2016-02-17','Added guest: CHESTER MARK SUPANG','1'),(299,'2016-02-17','Added guest: ROCHELLE ANN PADOLINA','1'),(300,'2016-02-17','Added Reservation: with bookingid R153','1'),(301,'2016-02-17','Added Reservation: with bookingid R154','1'),(302,'2016-02-17','Added Reservation: with bookingid R155','1'),(303,'2016-02-18','Accepted payment: with bookingid R87','1'),(304,'2016-02-18','Checked-In Reservation: with bookingid R87','1'),(305,'2016-02-18','Accepted payment: with bookingid R71','1'),(306,'2016-02-18','Checked-In Reservation: with bookingid R71','1'),(307,'2016-02-18','Checked-In Reservation: with bookingid R72','1'),(308,'2016-02-18','Accepted payment: with bookingid 231','1'),(309,'2016-02-18','Accepted payment: with bookingid R73','1'),(310,'2016-02-18','Checked-In Reservation: with bookingid R73','1'),(311,'2016-02-18','Accepted payment: with bookingid R76','1'),(312,'2016-02-18','Accepted payment: with bookingid R77','1'),(313,'2016-02-18','Accepted payment: with bookingid R81','1'),(314,'2016-02-18','Checked-In Reservation: with bookingid R76','1'),(315,'2016-02-18','Checked-In Reservation: with bookingid R77','1'),(316,'2016-02-18','Checked-In Reservation: with bookingid R81','1'),(317,'2016-02-18','Accepted payment: with bookingid R85','1'),(318,'2016-02-18','Checked-In Reservation: with bookingid R85','1'),(319,'2016-02-18','Accepted payment: with bookingid R82','1'),(320,'2016-02-18','Checked-In Reservation: with bookingid R82','1'),(321,'2016-02-18','Accepted payment: with bookingid R83','1'),(322,'2016-02-18','Checked-In Reservation: with bookingid R83','1'),(323,'2016-02-18','Accepted payment: with bookingid R79','1'),(324,'2016-02-18','Checked-In Reservation: with bookingid R79','1'),(325,'2016-02-18','Accepted payment: with bookingid R78','1'),(326,'2016-02-18','Checked-In Reservation: with bookingid R78','1'),(327,'2016-02-18','Accepted payment: with bookingid R80','1'),(328,'2016-02-18','Checked-In Reservation: with bookingid R80','1'),(329,'2016-02-18','Accepted payment: with bookingid R74','1'),(330,'2016-02-18','Accepted payment: with bookingid R75','1'),(331,'2016-02-18','Checked-In Reservation: with bookingid R74','1'),(332,'2016-02-18','Checked-In Reservation: with bookingid R75','1'),(333,'2016-02-18','Accepted payment: with bookingid R86','1'),(334,'2016-02-18','Checked-In Reservation: with bookingid R86','1'),(335,'2016-02-18','Accepted payment: with bookingid R70','1'),(336,'2016-02-18','Checked-In Reservation: with bookingid R70','1'),(337,'2016-02-18','Accepted payment: with bookingid R84','1'),(338,'2016-02-18','Checked-In Reservation: with bookingid R84','1'),(339,'2016-02-18','Added guest: JOHANN PAG-ONG','1'),(340,'2016-02-18','Added guest: TOM AND JOY','1'),(341,'2016-02-18','Added guest: ISAIAH SERRANO','1'),(342,'2016-02-18','Added guest: BERNADETTE AQUINO','1'),(343,'2016-02-18','Added guest: JAYSON CHAVEZ','1'),(344,'2016-02-18','Added guest: ANTOLIN CAPILI','1'),(345,'2016-02-18','Added guest: JAN MICHAEL VICENTE','1'),(346,'2016-02-18','Added guest: LOUISA RAMIREZ','1'),(347,'2016-02-18','Added guest: ARLENE PASAGUI','1'),(348,'2016-02-18','Added guest: RICA KING','1'),(349,'2016-02-18','Added guest: LYSSA ILAGAN','1'),(350,'2016-02-18','Added guest: JENICA MONTALBO','1'),(351,'2016-02-18','Added guest: BERNADETTE ENCAMACION','1'),(352,'2016-02-18','Added guest: HAZEL ALQUIZA','1'),(353,'2016-02-18','Added guest: JELLY FERNANDEZ','1'),(354,'2016-02-18','Added guest: MIKE FERNANDEZ','1'),(355,'2016-02-18','Added Reservation: with bookingid R156','1'),(356,'2016-02-18','Added Reservation: with bookingid R157','1'),(357,'2016-02-18','Added Reservation: with bookingid R158','1'),(358,'2016-02-18','Accepted Downpayment: with bookingid R158','1'),(359,'2016-02-18','Added Reservation: with bookingid R159','1'),(360,'2016-02-18','Accepted Downpayment: with bookingid R159','1'),(361,'2016-02-18','Added Reservation: with bookingid R160','1'),(362,'2016-02-18','Added Reservation: with bookingid R161','1'),(363,'2016-02-18','Added Reservation: with bookingid R162','1'),(364,'2016-02-18','Added Reservation: with bookingid R163','1'),(365,'2016-02-18','Added Reservation: with bookingid R164','1'),(366,'2016-02-18','Added Reservation: with bookingid R165','1'),(367,'2016-02-18','Added Reservation: with bookingid R166','1'),(368,'2016-02-18','Added Reservation: with bookingid R167','1'),(369,'2016-02-18','Added guest: JACOB EHMEN','3'),(370,'2016-02-18','Added Reservation: with bookingid R168','3'),(371,'2016-02-18','Updated Reservation: with bookingid R168','3'),(372,'2016-02-18','Edited guest: JACOB EHMSEN with guestid 109','1'),(373,'2016-02-18','Added Reservation: with bookingid R169','1'),(374,'2016-02-19','Added Reservation: with bookingid R170','1'),(375,'2016-02-19','Added guest: ELYMAR JAVAR','1'),(376,'2016-02-19','Added guest: CHESKA GARCIA','1'),(377,'2016-02-19','Added Reservation: with bookingid R171','1'),(378,'2016-02-19','Added Reservation: with bookingid R172','1'),(379,'2016-02-19','Updated Reservation: with bookingid R171','1'),(380,'2016-02-19','Updated Reservation: with bookingid R170','1'),(381,'2016-02-19','Cancelled Reservation: with bookingid R93','1'),(382,'2016-02-19','Added Reservation: with bookingid R173','1'),(383,'2016-02-19','Added Reservation: with bookingid R174','1'),(384,'2016-02-19','Accepted Downpayment: with bookingid R174','1'),(385,'2016-02-19','Added Reservation: with bookingid R175','1'),(386,'2016-02-19','Accepted Downpayment: with bookingid R175','1'),(387,'2016-02-19','Added Reservation: with bookingid R176','1'),(388,'2016-02-19','Accepted Downpayment: with bookingid R176','1'),(389,'2016-02-19','Added Reservation: with bookingid R177','1'),(390,'2016-02-19','Added guest: CIELO TORRES','1'),(391,'2016-02-19','Added guest: EDUARO','1'),(392,'2016-02-19','Added Reservation: with bookingid R178','1'),(393,'2016-02-19','Added guest: MAFEL TAMAYO','1'),(394,'2016-02-19','Added Reservation: with bookingid R179','1'),(395,'2016-02-19','Added guest: LEIGH FORMOSO','1'),(396,'2016-02-19','Added Reservation: with bookingid R180','1'),(397,'2016-02-19','Added Reservation: with bookingid R181','1'),(398,'2016-02-19','Accepted Downpayment: with bookingid R181','1'),(399,'2016-02-19','Added Reservation: with bookingid R182','1'),(400,'2016-02-19','Accepted Downpayment: with bookingid R182','1'),(401,'2016-02-19','Added guest: LOYO TULUD','1'),(402,'2016-02-19','Added guest: AARON MANALANZAN','1'),(403,'2016-02-19','Added Reservation: with bookingid R183','1'),(404,'2016-02-19','Accepted Downpayment: with bookingid R183','1'),(405,'2016-02-19','Added Reservation: with bookingid R184','1'),(406,'2016-02-19','Accepted Downpayment: with bookingid R184','1'),(407,'2016-02-19','Added guest: LORELEI AREVALO','1'),(408,'2016-02-19','Added guest: DIANA VILLEGAS','1'),(409,'2016-02-19','Added Reservation: with bookingid R185','1'),(410,'2016-02-19','Added Reservation: with bookingid R186','1'),(411,'2016-02-19','Accepted Downpayment: with bookingid R186','1'),(412,'2016-02-19','Cancelled Reservation: with bookingid R144','1'),(413,'2016-02-19','Added Reservation: with bookingid R187','1'),(414,'2016-02-19','Added guest: FRANCIS DELA CRUZ','1'),(415,'2016-02-19','Added Reservation: with bookingid R188','1'),(416,'2016-02-19','Added guest: ROMEO RAMOS JR.','1'),(417,'2016-02-19','Added Reservation: with bookingid R189','1'),(418,'2016-02-19','Added Reservation: with bookingid R190','1'),(419,'2016-02-19','Added guest: KRISTINE FETALVERO','1'),(420,'2016-02-19','Updated Settings: with season SUPER PEAK','1'),(421,'2016-02-19','Added Reservation: with bookingid R191','1'),(422,'2016-02-19','Updated Settings: with season PEAK','1'),(423,'2016-02-19','Added Reservation: with bookingid R192','1'),(424,'2016-02-19','Added Reservation: with bookingid R193','1'),(425,'2016-02-19','Accepted Downpayment: with bookingid R193','1'),(426,'2016-02-19','Added Reservation: with bookingid R194','1'),(427,'2016-02-19','Added Reservation: with bookingid R195','1'),(428,'2016-02-19','Accepted Downpayment: with bookingid R195','1'),(429,'2016-02-19','Added guest: CZARLEMAME SEE','1'),(430,'2016-02-19','Added Reservation: with bookingid R196','1'),(431,'2016-02-19','Accepted Downpayment: with bookingid R196','1'),(432,'2016-02-19','Added Reservation: with bookingid R197','1'),(433,'2016-02-19','Accepted Downpayment: with bookingid R197','1'),(434,'2016-02-19','Added guest: ABBIE MENGUITA','1'),(435,'2016-02-19','Added Reservation: with bookingid R198','1'),(436,'2016-02-19','Added Reservation: with bookingid R199','1'),(437,'2016-02-19','Added guest: RIZZA ALON','1'),(438,'2016-02-19','Added Reservation: with bookingid R200','1'),(439,'2016-02-19','Added Reservation: with bookingid R201','1'),(440,'2016-02-19','Added Reservation: with bookingid R202','1'),(441,'2016-02-19','Added guest: BALGACHOR CADIMAS','1'),(442,'2016-02-19','Added Reservation: with bookingid R203','1'),(443,'2016-02-19','Added Reservation: with bookingid R204','1'),(444,'2016-02-19','Added guest: GINA NINAUS','1'),(445,'2016-02-19','Added Reservation: with bookingid R205','1'),(446,'2016-02-19','Added Reservation: with bookingid R206','1'),(447,'2016-02-19','Added Reservation: with bookingid R207','1'),(448,'2016-02-19','Accepted payment: with bookingid 3235','2'),(449,'2016-02-19','Updated Reservation: with bookingid 12','2'),(450,'2016-02-19','Updated Reservation: with bookingid 1212','2'),(451,'2016-02-19','Updated Reservation: with bookingid 122','2'),(452,'2016-02-19','Updated Reservation: with bookingid 123','2'),(453,'2016-02-19','Updated Reservation: with bookingid 1232','2'),(454,'2016-02-19','Updated Reservation: with bookingid 12322','2'),(455,'2016-02-19','Updated Reservation: with bookingid 1233','2'),(456,'2016-02-19','Updated Reservation: with bookingid 1234','2'),(457,'2016-02-19','Updated Reservation: with bookingid 1245','2'),(458,'2016-02-19','Updated Reservation: with bookingid 1256','2'),(459,'2016-02-19','Updated Reservation: with bookingid 23','2'),(460,'2016-02-19','Updated Reservation: with bookingid 231','2'),(461,'2016-02-19','Updated Reservation: with bookingid 2324','2'),(462,'2016-02-19','Updated Reservation: with bookingid 2345','2'),(463,'2016-02-19','Updated Reservation: with bookingid 3235','2'),(464,'2016-02-19','Updated Reservation: with bookingid 3235','2'),(465,'2016-02-19','Updated Reservation: with bookingid 3444','2'),(466,'2016-02-19','Updated Reservation: with bookingid 3456','2'),(467,'2016-02-19','Updated Reservation: with bookingid 4545','2'),(468,'2016-02-19','Updated Reservation: with bookingid 5656','2'),(469,'2016-02-19','Updated Reservation: with bookingid 7687','2'),(470,'2016-02-19','Updated Reservation: with bookingid R100','2'),(471,'2016-02-19','Updated Reservation: with bookingid R101','2'),(472,'2016-02-19','Updated Reservation: with bookingid R102','2'),(473,'2016-02-19','Updated Reservation: with bookingid R103','2'),(474,'2016-02-19','Updated Reservation: with bookingid R119','2'),(475,'2016-02-19','Updated Reservation: with bookingid R120','2'),(476,'2016-02-19','Updated Reservation: with bookingid R121','2'),(477,'2016-02-19','Updated Reservation: with bookingid R150','2'),(478,'2016-02-19','Updated Reservation: with bookingid R122','2'),(479,'2016-02-19','Updated Reservation: with bookingid R151','2'),(480,'2016-02-19','Updated Reservation: with bookingid R123','2'),(481,'2016-02-19','Updated Reservation: with bookingid R124','2'),(482,'2016-02-19','Updated Reservation: with bookingid R125','2'),(483,'2016-02-19','Updated Reservation: with bookingid R126','2'),(484,'2016-02-19','Updated Reservation: with bookingid R127','2'),(485,'2016-02-19','Updated Reservation: with bookingid R128','2'),(486,'2016-02-19','Updated Reservation: with bookingid R129','2'),(487,'2016-02-19','Updated Reservation: with bookingid R130','2'),(488,'2016-02-19','Updated Reservation: with bookingid R131','2'),(489,'2016-02-19','Updated Reservation: with bookingid R132','2'),(490,'2016-02-19','Updated Reservation: with bookingid R133','2'),(491,'2016-02-19','Updated Reservation: with bookingid R134','2'),(492,'2016-02-19','Updated Reservation: with bookingid R135','2'),(493,'2016-02-19','Updated Reservation: with bookingid R136','2'),(494,'2016-02-19','Updated Reservation: with bookingid R137','2'),(495,'2016-02-19','Updated Reservation: with bookingid R207','2'),(496,'2016-02-19','Updated Reservation: with bookingid R152','2'),(497,'2016-02-19','Updated Reservation: with bookingid R153','2'),(498,'2016-02-19','Updated Reservation: with bookingid R154','2'),(499,'2016-02-19','Updated Reservation: with bookingid R155','2'),(500,'2016-02-19','Updated Reservation: with bookingid R156','2'),(501,'2016-02-19','Updated Reservation: with bookingid R157','2'),(502,'2016-02-19','Updated Reservation: with bookingid R158','2'),(503,'2016-02-19','Updated Reservation: with bookingid R160','2'),(504,'2016-02-19','Updated Reservation: with bookingid R161','2'),(505,'2016-02-19','Updated Reservation: with bookingid R162','2'),(506,'2016-02-19','Updated Reservation: with bookingid R163','2'),(507,'2016-02-19','Updated Reservation: with bookingid R164','2'),(508,'2016-02-19','Updated Reservation: with bookingid R165','2'),(509,'2016-02-19','Updated Reservation: with bookingid R166','2'),(510,'2016-02-19','Updated Reservation: with bookingid R167','2'),(511,'2016-02-19','Updated Reservation: with bookingid R170','2'),(512,'2016-02-19','Updated Reservation: with bookingid R171','2'),(513,'2016-02-19','Updated Reservation: with bookingid R172','2'),(514,'2016-02-19','Updated Reservation: with bookingid R173','2'),(515,'2016-02-19','Updated Reservation: with bookingid R174','2'),(516,'2016-02-19','Updated Reservation: with bookingid R175','2'),(517,'2016-02-19','Updated Reservation: with bookingid R176','2'),(518,'2016-02-19','Updated Reservation: with bookingid R177','2'),(519,'2016-02-19','Updated Reservation: with bookingid R178','2'),(520,'2016-02-19','Added guest: ROY TIU','2'),(521,'2016-02-19','Added Reservation: with bookingid 3234','2'),(522,'2016-02-19','Accepted payment: with bookingid 3234','2'),(523,'2016-02-19','Checked-In Reservation: with bookingid 3234','2'),(524,'2016-02-19','Added guest: MICHAEL YONGEVE','2'),(525,'2016-02-19','Added Reservation: with bookingid 3233','2'),(526,'2016-02-19','Accepted payment: with bookingid 3233','2'),(527,'2016-02-19','Checked-In Reservation: with bookingid 3233','2'),(528,'2016-02-19','Updated Reservation: with bookingid 3233','2'),(529,'2016-02-19','Accepted payment: with bookingid 3233','2'),(530,'2016-02-19','Updated Reservation: with bookingid 3232','2'),(531,'2016-02-19','Accepted payment: with bookingid 3232','2'),(532,'2016-02-19','Updated Reservation: with bookingid 3232','2'),(533,'2016-02-19','Updated Reservation: with bookingid R164','2'),(534,'2016-02-19','Updated Reservation: with bookingid R178','2'),(535,'2016-02-19','Edited User: WENDY with userid 3','3'),(536,'2016-02-19','Added User: REY','2'),(537,'2016-02-19','Added guest: JOSEPH ABELLERA','3'),(538,'2016-02-19','Added Reservation: with bookingid R208','3'),(539,'2016-02-19','Accepted payment: with bookingid R208','3'),(540,'2016-02-19','Cancelled Reservation: with bookingid R208','3'),(541,'2016-02-19','Added User: SEPH','4'),(542,'2016-02-19','Added guest: CHRISTIAN QUIBUYEN','3'),(543,'2016-02-19','Added Reservation: with bookingid 3236','3'),(544,'2016-02-19','Accepted payment: with bookingid 3236','3'),(545,'2016-02-19','Checked-In Reservation: with bookingid 3236','3'),(546,'2016-02-19','Updated Reservation: with bookingid 12','2'),(547,'2016-02-19','Added guest: XANDY LU','2'),(548,'2016-02-19','Added Reservation: with bookingid R209','1'),(549,'2016-02-19','Accepted Downpayment: with bookingid R88','1'),(550,'2016-02-19','Checked-In Reservation: with bookingid R88','1'),(551,'2016-02-19','Accepted payment: with bookingid 3240','1'),(552,'2016-02-19','Updated Reservation: with bookingid R89','3'),(553,'2016-02-19','Added guest: ROEL MAMAAT (DOUGLAS PRADO)','3'),(554,'2016-02-19','Added guest: ROEL MAMAT (DOUGLAS PRADO)','3'),(555,'2016-02-19','Added Reservation: with bookingid R210','3'),(556,'2016-02-19','Accepted payment: with bookingid R210','3'),(557,'2016-02-19','Updated Reservation: with bookingid R172','3'),(558,'2016-02-19','Accepted payment: with bookingid 3238','3'),(559,'2016-02-19','Added guest: EVANGELINE SICANGCO','3'),(560,'2016-02-19','Added Reservation: with bookingid R211','3'),(561,'2016-02-19','Accepted payment: with bookingid 3239','3'),(562,'2016-02-19','Updated Reservation: with bookingid 3240','3'),(563,'2016-02-19','Added guest: SHAIKHANI KHALIL S.','3'),(564,'2016-02-19','Added Reservation: with bookingid 3241','3'),(565,'2016-02-19','Accepted payment: with bookingid 3241','3'),(566,'2016-02-19','Checked-In Reservation: with bookingid 3241','3'),(567,'2016-02-19','Updated Reservation: with bookingid R170','3'),(568,'2016-02-19','Updated Reservation: with bookingid R161','3'),(569,'2016-02-27','Exited Application by user ADMIN with User ID 1','1'),(570,'2016-02-27','Logged-In user ADMIN with User ID 1','1'),(571,'2016-02-27','Logged-In user ADMIN with User ID 1','1'),(572,'2016-02-27','Logged-In user ADMIN with User ID 1','1'),(573,'2016-02-27','Logged-In user ADMIN with User ID 1','1'),(574,'2016-03-11','Logged-In user ADMIN with User ID 1','1'),(575,'2016-03-11','Exited Application by user ADMIN with User ID 1','1'),(576,'2016-03-14','Logged-In user ADMIN with User ID 1','1'),(577,'2016-03-14','Exited Application by user ADMIN with User ID 1','1'),(578,'2016-03-14','Logged-In user ADMIN with User ID 1','1'),(579,'2016-03-14','Exited Application by user ADMIN with User ID 1','1'),(580,'2016-03-14','Logged-In user ADMIN with User ID 1','1'),(581,'2016-03-14','Exited Application by user ADMIN with User ID 1','1'),(582,'2016-03-14','Logged-In user ADMIN with User ID 1','1'),(583,'2016-03-14','Exited Application by user ADMIN with User ID 1','1'),(584,'2016-03-15','Logged-In user ADMIN with User ID 1','1'),(585,'2016-03-15','Accepted Downpayment of NEIL ANDRE ABAD with the amount of 1200 with bookingid R100','1'),(586,'2016-03-15','Updated Reservation of NEIL ANDRE ABAD with bookingid R100','1'),(587,'2016-03-15','Void Payment of NEIL ANDRE ABAD with the amount of 1200 with bookingid R100','1'),(588,'2016-03-15','Added guest EVENLY TEN WEB SOLUTIONS','1'),(589,'2016-03-15','Exited Application by user ADMIN with User ID 1','1'),(590,'2016-03-22','Logged-In user ADMIN with User ID 1','1'),(591,'2016-03-22','Logged-In user ADMIN with User ID 1','1'),(592,'2016-03-28','Logged-In user ADMIN with User ID 1','1'),(593,'2016-03-28','Added guest ELVIN','1'),(594,'2016-03-28','Added Reservation of ELVIN with bookingid R212','1'),(595,'2016-03-28','Accepted Downpayment of ELVIN with the amount of 1100 with bookingid R212','1'),(596,'2016-03-28','Accepted payment of ELVIN with the amount of 1100 with bookingid R212','1'),(597,'2016-03-28','Checked-In Reservation of ELVIN with bookingid R212','1'),(598,'2016-03-28','Exited Application by user ADMIN with User ID 3','3'),(599,'2016-05-06','Logged-In user ADMIN with User ID 1','1'),(600,'2016-05-06','Exited Application by user ADMIN with User ID 1','1'),(601,'2016-05-06','Logged-In user ADMIN with User ID 1','1'),(602,'2016-05-06','Added Reservation of ELVIN with bookingid R213','1'),(603,'2016-05-06','Accepted Downpayment of ELVIN with the amount of 2400 with bookingid R213','1'),(604,'2016-05-06','Accepted payment of ELVIN with the amount of 1000 with bookingid R213','1'),(605,'2016-05-06','Checked-In Reservation of ELVIN with bookingid R213','1'),(606,'2016-05-06','Updated Reservation of ELVIN with bookingid 9876','1'),(607,'2016-05-06','Added Reservation of ELVIN with bookingid R214','1'),(608,'2016-05-06','Accepted Downpayment of ELVIN with the amount of 1000 with bookingid R214','1'),(609,'2016-05-06','Accepted payment of ELVIN with the amount of 500 with bookingid R214','1'),(610,'2016-05-06','Checked-In Reservation of ELVIN with bookingid R214','1'),(611,'2016-05-06','Accepted payment of ELVIN with the amount of 500 with bookingid 700','1'),(612,'2016-05-06','Checked-Out Reservation of ELVIN with bookingid 700','1'),(613,'2016-05-06','Exited Application by user ADMIN with User ID 1','1'),(614,'2016-05-10','Logged-In user ADMIN with User ID 1','1'),(615,'2016-05-10','Updated Settings: OR Number Series Beginning 1157 Ending 5000 with season SUPER PEAK','1'),(616,'2016-05-10','Added Reservation of ELVIN with bookingid R215','1'),(617,'2016-05-10','Exited Application by user ADMIN with User ID 1','1'),(618,'2016-06-06','Logged-In user ADMIN with User ID 1','1'),(619,'2016-06-06','Exited Application by user ADMIN with User ID 1','1'),(620,'2016-06-06','Logged-In user ADMIN with User ID 1','1'),(621,'2016-06-06','Exited Application by user ADMIN with User ID 1','1'),(622,'2016-06-06','Logged-In user ADMIN with User ID 1','1'),(623,'2016-06-06','Added guest IVAN ALICANTE','1'),(624,'2016-06-06','Added Reservation of IVAN ALICANTE with bookingid R216','1'),(625,'2016-06-06','Accepted Downpayment of IVAN ALICANTE with the amount of 2200 with bookingid R216','1'),(626,'2016-06-06','Accepted payment of IVAN ALICANTE with the amount of 1000 with bookingid R216','1'),(627,'2016-06-06','Checked-In Reservation of IVAN ALICANTE with bookingid R216','1'),(628,'2016-06-06','Updated Reservation of IVAN ALICANTE with bookingid 999998','1'),(629,'2016-06-06','Accepted payment of IVAN ALICANTE with the amount of 1200 with bookingid 999998','1'),(630,'2016-06-06','Checked-Out Reservation of IVAN ALICANTE with bookingid 999998','1'),(631,'2016-06-06','Added Reservation of IVAN ALICANTE with bookingid R217','1'),(632,'2016-06-06','Exited Application by user ADMIN with User ID 1','1'),(633,'2016-06-06','Logged-In user ADMIN with User ID 1','1'),(634,'2016-06-06','Exited Application by user ADMIN with User ID 1','1'),(635,'2016-06-06','Logged-In user ADMIN with User ID 1','1'),(636,'2016-06-06','Exited Application by user ADMIN with User ID 5','5'),(637,'2016-06-07','Logged-In user ADMIN with User ID 1','1'),(638,'2016-06-07','Exited Application by user ADMIN with User ID 1','1'),(639,'2016-07-12','Logged-In user ADMIN with User ID 1','1'),(640,'2016-07-12','Exited Application by user ADMIN with User ID 5','5'),(641,'2016-07-16','Logged-In user ADMIN with User ID 1','1'),(642,'2016-07-16','Exited Application by user ADMIN with User ID 1','1'),(643,'2016-07-21','Logged-In user ADMIN with User ID 1','1'),(644,'2016-07-21','Exited Application by user ADMIN with User ID 1','1'),(645,'2016-07-22','Logged-In user ADMIN with User ID 1','1'),(646,'2016-07-22','Edited guest AARON MANALANZAN with guestid 171','5'),(647,'2016-07-22','Exited Application by user ADMIN with User ID 5','5'),(648,'2016-07-26','Logged-In user ADMIN with User ID 1','1'),(649,'2016-07-27','Logged-In user ADMIN with User ID 1','1'),(650,'2016-07-27','Exited Application by user ADMIN with User ID 1','1'),(651,'2016-08-03','Logged-In user ADMIN with User ID 1','1'),(652,'2016-08-03','Added guest VVV','1'),(653,'2016-08-03','Exited Application by user ADMIN with User ID 1','1');

/*Table structure for table `billing` */

DROP TABLE IF EXISTS `billing`;

CREATE TABLE `billing` (
  `billTransID` bigint(20) NOT NULL AUTO_INCREMENT,
  `bookingID` varchar(20) DEFAULT NULL,
  `guestID` int(11) DEFAULT NULL,
  `billDate` date DEFAULT NULL,
  `feeTitle` varchar(100) DEFAULT NULL,
  `amount` double DEFAULT NULL,
  `feeType` varchar(10) DEFAULT 'ROOM',
  `status` varchar(10) DEFAULT 'OK',
  `lastUser` varchar(100) DEFAULT 'NONE',
  PRIMARY KEY (`billTransID`)
) ENGINE=InnoDB AUTO_INCREMENT=746 DEFAULT CHARSET=latin1;

/*Data for the table `billing` */

insert  into `billing`(`billTransID`,`bookingID`,`guestID`,`billDate`,`feeTitle`,`amount`,`feeType`,`status`,`lastUser`) values (519,'R90',92,'2016-02-12','RENT for ROOM',2000,'ROOM','OK','1'),(520,'R91',94,'2016-02-12','RENT for ROOM',4500,'ROOM','OK','1'),(521,'R92',96,'2016-02-12','RENT for ROOM',2400,'ROOM','OK','1'),(522,'R93',97,'2016-02-12','RENT for ROOM',2800,'ROOM','CANCELLED','1'),(523,'R94',98,'2016-02-12','RENT for ROOM',3200,'ROOM','OK','1'),(524,'R95',99,'2016-02-12','RENT for ROOM',4800,'ROOM','OK','1'),(525,'R96',99,'2016-02-12','RENT for ROOM',5600,'ROOM','OK','1'),(526,'R97',100,'2016-02-12','RENT for ROOM',2800,'ROOM','OK','1'),(527,'R98',100,'2016-02-12','RENT for ROOM',2000,'ROOM','OK','1'),(528,'R99',101,'2016-02-12','RENT for ROOM',2000,'ROOM','OK','1'),(533,'R104',108,'2016-02-12','RENT for ROOM',4500,'ROOM','OK','1'),(534,'R105',107,'2016-02-12','RENT for ROOM',2800,'ROOM','OK','1'),(535,'R106',109,'2016-02-12','RENT for ROOM',2800,'ROOM','OK','1'),(536,'R107',110,'2016-02-12','RENT for ROOM',2800,'ROOM','OK','1'),(537,'R108',111,'2016-02-12','RENT for ROOM',2800,'ROOM','OK','1'),(538,'R109',112,'2016-02-12','RENT for ROOM',6400,'ROOM','OK','1'),(539,'R110',113,'2016-02-12','RENT for ROOM',3200,'ROOM','OK','1'),(540,'R111',114,'2016-02-12','RENT for ROOM',13000,'ROOM','OK','1'),(541,'R112',114,'2016-02-12','RENT for ROOM',11500,'ROOM','OK','1'),(542,'R113',114,'2016-02-12','RENT for ROOM',10400,'ROOM','OK','1'),(543,'R114',114,'2016-02-12','RENT for ROOM',11500,'ROOM','OK','1'),(544,'R115',114,'2016-02-12','RENT for ROOM',13000,'ROOM','OK','1'),(545,'R116',115,'2016-02-12','RENT for ROOM',5400,'ROOM','OK','1'),(546,'R117',117,'2016-02-12','RENT for ROOM',2800,'ROOM','OK','1'),(547,'R118',119,'2016-02-12','RENT for ROOM',3200,'ROOM','OK','1'),(567,'R138',131,'2016-02-15','RENT for ROOM',2000,'ROOM','CANCELLED','2'),(568,'R139',132,'2016-02-15','RENT for ROOM',2800,'ROOM','OK','2'),(569,'R140',133,'2016-02-15','RENT for ROOM',5000,'ROOM','OK','2'),(570,'R141',134,'2016-02-15','RENT for ROOM',5000,'ROOM','OK','2'),(571,'R142',135,'2016-02-15','RENT for ROOM',4000,'ROOM','OK','2'),(572,'R143',136,'2016-02-15','RENT for ROOM',2000,'ROOM','OK','2'),(573,'R144',137,'2016-02-15','RENT for ROOM',2000,'ROOM','CANCELLED','2'),(574,'R145',138,'2016-02-15','RENT for ROOM',2000,'ROOM','OK','2'),(575,'R146',139,'2016-02-15','RENT for ROOM',3200,'ROOM','OK','2'),(576,'R147',140,'2016-02-15','RENT for ROOM',5700,'ROOM','OK','2'),(577,'R148',140,'2016-02-15','RENT for ROOM',2000,'ROOM','OK','2'),(578,'R149',140,'2016-02-15','RENT for ROOM',2000,'ROOM','OK','2'),(598,'R168',109,'2016-02-18','RENT for ROOM',2000,'ROOM','VOID','3'),(599,'R169',136,'2016-02-18','RENT for ROOM',2000,'ROOM','VOID','1'),(612,'R179',168,'2016-02-19','RENT for ROOM',10000,'ROOM','OK','1'),(613,'R180',169,'2016-02-19','RENT for ROOM',4800,'ROOM','OK','1'),(614,'R181',103,'2016-02-19','RENT for ROOM',2800,'ROOM','OK','1'),(615,'R182',103,'2016-02-19','RENT for ROOM',3200,'ROOM','OK','1'),(616,'R183',170,'2016-02-19','RENT for ROOM',4500,'ROOM','OK','1'),(617,'R184',171,'2016-02-19','RENT for ROOM',2800,'ROOM','OK','1'),(618,'R185',172,'2016-02-19','RENT for ROOM',5700,'ROOM','OK','1'),(619,'R186',173,'2016-02-19','RENT for ROOM',2000,'ROOM','OK','1'),(620,'R187',118,'2016-02-19','RENT for ROOM',2400,'ROOM','OK','1'),(621,'R188',174,'2016-02-19','RENT for ROOM',4000,'ROOM','OK','1'),(622,'R189',175,'2016-02-19','RENT for ROOM',4000,'ROOM','OK','1'),(623,'R190',175,'2016-02-19','RENT for ROOM',4000,'ROOM','OK','1'),(624,'R191',116,'2016-02-19','RENT for ROOM',2200,'ROOM','OK','1'),(625,'R192',161,'2016-02-19','RENT for ROOM',2800,'ROOM','OK','1'),(626,'R193',158,'2016-02-19','RENT for ROOM',10000,'ROOM','OK','1'),(627,'R194',159,'2016-02-19','RENT for ROOM',4800,'ROOM','OK','1'),(628,'R195',160,'2016-02-19','RENT for ROOM',4000,'ROOM','OK','1'),(629,'R196',177,'2016-02-19','RENT for ROOM',5600,'ROOM','OK','1'),(630,'R197',177,'2016-02-19','RENT for ROOM',9000,'ROOM','OK','1'),(631,'R198',178,'2016-02-19','RENT for ROOM',6400,'ROOM','OK','1'),(632,'R199',126,'2016-02-19','RENT for ROOM',3200,'ROOM','OK','1'),(633,'R200',179,'2016-02-19','RENT for ROOM',2400,'ROOM','OK','1'),(634,'R201',179,'2016-02-19','RENT for ROOM',2400,'ROOM','OK','1'),(635,'R202',179,'2016-02-19','RENT for ROOM',5700,'ROOM','OK','1'),(636,'R203',180,'2016-02-19','RENT for ROOM',5000,'ROOM','OK','1'),(637,'R204',180,'2016-02-19','RENT for ROOM',5000,'ROOM','OK','1'),(638,'R205',181,'2016-02-19','RENT for ROOM',2000,'ROOM','OK','1'),(639,'R206',181,'2016-02-19','RENT for ROOM',2000,'ROOM','OK','1'),(642,'1212',76,'2016-02-12','RENT for ROOM',2000,'ROOM','OK','2'),(643,'122',89,'2016-02-12','RENT for ROOM',2000,'ROOM','OK','2'),(644,'123',75,'2016-02-12','RENT for ROOM',2000,'ROOM','OK','2'),(645,'1232',81,'2016-02-12','RENT for ROOM',2800,'ROOM','OK','2'),(646,'12322',80,'2016-02-12','RENT for ROOM',3200,'ROOM','OK','2'),(647,'1233',85,'2016-02-12','RENT for ROOM',2800,'ROOM','OK','2'),(648,'1234',73,'2016-02-12','RENT for ROOM',6000,'ROOM','OK','2'),(649,'1245',77,'2016-02-12','RENT for ROOM',5700,'ROOM','OK','2'),(650,'1256',82,'2016-02-12','RENT for ROOM',3200,'ROOM','OK','2'),(651,'23',78,'2016-02-12','RENT for ROOM',2800,'ROOM','OK','2'),(652,'231',75,'2016-02-12','RENT for ROOM',2000,'ROOM','OK','2'),(653,'2324',88,'2016-02-12','RENT for ROOM',4500,'ROOM','OK','2'),(654,'2345',87,'2016-02-12','RENT for ROOM',2000,'ROOM','OK','2'),(656,'3235',151,'2016-02-18','RENT for ROOM',2000,'ROOM','OK','2'),(657,'3444',86,'2016-02-12','RENT for ROOM',5000,'ROOM','OK','2'),(658,'3456',83,'2016-02-12','RENT for ROOM',3200,'ROOM','OK','2'),(659,'4545',74,'2016-02-12','RENT for ROOM',15000,'ROOM','OK','2'),(660,'5656',84,'2016-02-12','RENT for ROOM',2000,'ROOM','OK','2'),(661,'7687',77,'2016-02-12','RENT for ROOM',4500,'ROOM','OK','2'),(663,'R101',104,'2016-02-12','RENT for ROOM',6400,'ROOM','OK','2'),(664,'R102',105,'2016-02-12','RENT for ROOM',9000,'ROOM','OK','2'),(665,'R103',106,'2016-02-12','RENT for ROOM',2000,'ROOM','OK','2'),(666,'R119',119,'2016-02-12','RENT for ROOM',3200,'ROOM','OK','2'),(667,'R120',120,'2016-02-12','RENT for ROOM',2000,'ROOM','OK','2'),(668,'R121',121,'2016-02-12','RENT for ROOM',2000,'ROOM','OK','2'),(669,'R150',141,'2016-02-16','RENT for ROOM',5700,'ROOM','OK','2'),(670,'R122',121,'2016-02-12','RENT for ROOM',2400,'ROOM','OK','2'),(671,'R151',142,'2016-02-16','RENT for ROOM',4000,'ROOM','OK','2'),(672,'R123',122,'2016-02-12','RENT for ROOM',17100,'ROOM','OK','2'),(673,'R124',122,'2016-02-12','RENT for ROOM',13500,'ROOM','OK','2'),(674,'R125',123,'2016-02-12','RENT for ROOM',8400,'ROOM','OK','2'),(675,'R126',124,'2016-02-12','RENT for ROOM',2000,'ROOM','OK','2'),(676,'R127',125,'2016-02-12','RENT for ROOM',8400,'ROOM','OK','2'),(677,'R128',126,'2016-02-12','RENT for ROOM',3200,'ROOM','OK','2'),(678,'R129',126,'2016-02-12','RENT for ROOM',3200,'ROOM','OK','2'),(679,'R130',127,'2016-02-12','RENT for ROOM',2000,'ROOM','OK','2'),(680,'R131',128,'2016-02-12','RENT for ROOM',5700,'ROOM','OK','2'),(681,'R132',128,'2016-02-12','RENT for ROOM',5700,'ROOM','OK','2'),(682,'R133',129,'2016-02-12','RENT for ROOM',2000,'ROOM','OK','2'),(683,'R134',129,'2016-02-12','RENT for ROOM',2000,'ROOM','OK','2'),(684,'R135',129,'2016-02-12','RENT for ROOM',2400,'ROOM','OK','2'),(685,'R136',130,'2016-02-12','RENT for ROOM',5700,'ROOM','OK','2'),(686,'R137',130,'2016-02-12','RENT for ROOM',3200,'ROOM','OK','2'),(687,'R207',167,'2016-02-19','RENT for ROOM',2400,'ROOM','OK','2'),(688,'R152',143,'2016-02-16','RENT for ROOM',4500,'ROOM','OK','2'),(689,'R153',144,'2016-02-17','RENT for ROOM',2000,'ROOM','OK','2'),(690,'R154',145,'2016-02-17','RENT for ROOM',4200,'ROOM','OK','2'),(691,'R155',146,'2016-02-17','RENT for ROOM',2400,'ROOM','OK','2'),(692,'R156',147,'2016-02-18','RENT for ROOM',5000,'ROOM','OK','2'),(693,'R157',147,'2016-02-18','RENT for ROOM',5000,'ROOM','OK','2'),(694,'R158',149,'2016-02-18','RENT for ROOM',5700,'ROOM','OK','2'),(695,'R160',150,'2016-02-18','RENT for ROOM',2400,'ROOM','OK','2'),(697,'R162',153,'2016-02-18','RENT for ROOM',4500,'ROOM','OK','2'),(698,'R163',154,'2016-02-18','RENT for ROOM',3200,'ROOM','OK','2'),(700,'R165',156,'2016-02-18','RENT for ROOM',3200,'ROOM','OK','2'),(701,'R166',157,'2016-02-18','RENT for ROOM',2800,'ROOM','OK','2'),(702,'R167',157,'2016-02-18','RENT for ROOM',3200,'ROOM','OK','2'),(706,'R173',95,'2016-02-19','RENT for ROOM',2000,'ROOM','OK','2'),(707,'R174',79,'2016-02-19','RENT for ROOM',4500,'ROOM','OK','2'),(708,'R175',137,'2016-02-19','RENT for ROOM',2000,'ROOM','OK','2'),(709,'R176',137,'2016-02-19','RENT for ROOM',2800,'ROOM','OK','2'),(710,'R177',137,'2016-02-19','RENT for ROOM',2800,'ROOM','OK','2'),(712,'3234',182,'2016-02-19','RENT for ROOM',2000,'ROOM','OK','2'),(714,'3233',183,'2016-02-19','RENT for ROOM',2000,'ROOM','OK','2'),(715,'3233',183,'2016-02-19','EARLY CHECK IN',500,'OTHERS','OK','2'),(718,'3232',164,'2016-02-19','RENT for ROOM',2000,'ROOM','OK','2'),(719,'3232',164,'2016-02-19','EARLY CHECK IN',500,'OTHERS','OK','2'),(720,'R164',155,'2016-02-18','RENT for ROOM',2000,'ROOM','OK','2'),(721,'R178',166,'2016-02-19','RENT for ROOM',5600,'ROOM','OK','2'),(722,'R208',184,'2016-02-19','RENT for ROOM',5472,'ROOM','CANCELLED','3'),(723,'3236',185,'2016-02-19','RENT for ROOM',2000,'ROOM','OK','3'),(724,'12',78,'2016-02-12','RENT for ROOM',2000,'ROOM','OK','2'),(725,'R209',186,'2016-02-19','RENT for ROOM',6400,'ROOM','OK','1'),(726,'R89',91,'2016-02-12','RENT for ROOM',10000,'ROOM','VOID','3'),(727,'3237',187,'2016-02-19','RENT for ROOM',10000,'ROOM','OK','3'),(728,'3238',165,'2016-02-19','RENT for ROOM',2000,'ROOM','OK','3'),(729,'3239',189,'2016-02-19','RENT for ROOM',2000,'ROOM','OK','3'),(730,'3240',90,'2016-02-12','RENT for ROOM',10944,'ROOM','OK','3'),(731,'3241',190,'2016-02-19','RENT for ROOM',2800,'ROOM','OK','3'),(732,'R170',97,'2016-02-19','RENT for ROOM',5600,'ROOM','OK','3'),(733,'R161',152,'2016-02-18','RENT for ROOM',2800,'ROOM','OK','3'),(734,'R100',102,'2016-02-12','RENT for ROOM',2400,'ROOM','OK','1'),(735,'R100',102,'2016-02-12','ADDITIONAL HEAD',500,'OTHERS','OK','1'),(736,'3333444',192,'2016-03-28','RENT for ROOM',2200,'ROOM','OK','1'),(739,'9876',192,'2016-05-06','RENT for ROOM',4,'ROOM','OK','1'),(740,'9876',192,'2016-05-06','EXTRA BED',500,'OTHERS','OK','1'),(741,'700',192,'2016-05-06','RENT for ROOM',2000,'ROOM','OK','1'),(742,'R215',192,'2016-05-10','RENT for ROOM',4000,'ROOM','OK','1'),(744,'999998',193,'2016-06-06','RENT for ROOM',4400,'ROOM','OK','1'),(745,'R217',193,'2016-06-06','RENT for ROOM',2200,'ROOM','OK','1');

/*Table structure for table `booking` */

DROP TABLE IF EXISTS `booking`;

CREATE TABLE `booking` (
  `transID` bigint(20) NOT NULL AUTO_INCREMENT,
  `reservationSource` varchar(20) DEFAULT 'WALK-IN',
  `bookingID` varchar(20) DEFAULT NULL,
  `guestID` int(11) DEFAULT NULL,
  `guestType` varchar(20) DEFAULT NULL,
  `roomID` int(11) DEFAULT NULL,
  `dateIn` date DEFAULT NULL,
  `dateOut` date DEFAULT NULL,
  `season` varchar(20) DEFAULT 'PEAK',
  `rate` double DEFAULT NULL,
  `noOfDays` int(11) DEFAULT '1',
  `pax` int(11) DEFAULT '1',
  `discountType` varchar(20) DEFAULT 'NONE',
  `discount` double DEFAULT NULL,
  `notes` varchar(200) DEFAULT 'NONE',
  `status` varchar(20) DEFAULT 'RESERVED',
  `hasBalance` varchar(3) DEFAULT 'YES',
  `bookingDate` date DEFAULT NULL,
  `lastUser` varchar(50) DEFAULT 'ADMIN',
  `senior` int(11) DEFAULT '0',
  `receptionist` varchar(100) DEFAULT 'NONE',
  `commission` double DEFAULT '0',
  PRIMARY KEY (`transID`)
) ENGINE=InnoDB AUTO_INCREMENT=274 DEFAULT CHARSET=latin1;

/*Data for the table `booking` */

insert  into `booking`(`transID`,`reservationSource`,`bookingID`,`guestID`,`guestType`,`roomID`,`dateIn`,`dateOut`,`season`,`rate`,`noOfDays`,`pax`,`discountType`,`discount`,`notes`,`status`,`hasBalance`,`bookingDate`,`lastUser`,`senior`,`receptionist`,`commission`) values (121,'CALL','1234',73,'INDIVIDUAL',2,'2016-02-09','2016-02-12','PEAK',2000,3,2,'NONE',0,'','CHECKED-OUT','NO','2016-02-12','2',0,'MALAMION, JHOVELYN M.',0),(122,'CALL','4545',74,'INDIVIDUAL',32,'2016-02-11','2016-02-14','PEAK',5000,3,7,'NONE',0,'','CHECKED-OUT','NO','2016-02-12','2',0,'MALAMION, JHOVELYN M.',0),(123,'CALL','123',75,'INDIVIDUAL',1,'2016-02-13','2016-02-13','PEAK',2000,1,2,'NONE',0,'','CHECKED-OUT','NO','2016-02-12','2',0,'MALAMION, JHOVELYN M.',0),(124,'CALL','231',75,'INDIVIDUAL',8,'2016-02-13','2016-02-13','PEAK',2000,1,2,'NONE',0,'','CHECKED-OUT','NO','2016-02-12','2',0,'MALAMION, JHOVELYN M.',0),(125,'CALL','1212',76,'INDIVIDUAL',2,'2016-02-13','2016-02-13','PEAK',2000,1,2,'NONE',0,'','CHECKED-OUT','NO','2016-02-12','2',0,'MALAMION, JHOVELYN M.',0),(126,'CALL','1245',77,'INDIVIDUAL',13,'2016-02-13','2016-02-13','PEAK',5700,1,9,'NONE',0,'','CHECKED-OUT','NO','2016-02-12','2',0,'MALAMION, JHOVELYN M.',0),(127,'CALL','7687',77,'INDIVIDUAL',14,'2016-02-13','2016-02-13','PEAK',4500,1,6,'NONE',0,'','CHECKED-OUT','NO','2016-02-12','2',0,'MALAMION, JHOVELYN M.',0),(128,'CALL','12',78,'INDIVIDUAL',16,'2016-02-13','2016-02-13','PEAK',2000,1,2,'NONE',0,'','CHECKED-OUT','NO','2016-02-12','2',0,'MALAMION, JHOVELYN M.',0),(129,'CALL','23',78,'INDIVIDUAL',21,'2016-02-13','2016-02-13','PEAK',2800,1,4,'NONE',0,'','CHECKED-OUT','NO','2016-02-12','2',0,'MALAMION, JHOVELYN M.',0),(130,'CALL','12322',80,'INDIVIDUAL',24,'2016-02-13','2016-02-13','PEAK',3200,1,5,'NONE',0,'','CHECKED-OUT','NO','2016-02-12','2',0,'MALAMION, JHOVELYN M.',0),(131,'CALL','1232',81,'INDIVIDUAL',29,'2016-02-13','2016-02-13','PEAK',2800,1,4,'NONE',0,'','CHECKED-OUT','NO','2016-02-12','2',0,'MALAMION, JHOVELYN M.',0),(132,'CALL','1256',82,'INDIVIDUAL',25,'2016-02-13','2016-02-13','PEAK',3200,1,5,'NONE',0,'','CHECKED-OUT','NO','2016-02-12','2',0,'MALAMION, JHOVELYN M.',0),(133,'CALL','3456',83,'INDIVIDUAL',26,'2016-02-13','2016-02-13','PEAK',3200,1,5,'NONE',0,'','CHECKED-OUT','NO','2016-02-12','2',0,'MALAMION, JHOVELYN M.',0),(134,'CALL','5656',84,'INDIVIDUAL',5,'2016-02-13','2016-02-13','PEAK',2000,1,2,'NONE',0,'','CHECKED-OUT','NO','2016-02-12','2',0,'MALAMION, JHOVELYN M.',0),(135,'CALL','1233',85,'INDIVIDUAL',17,'2016-02-13','2016-02-13','PEAK',2800,1,4,'NONE',0,'','CHECKED-OUT','NO','2016-02-12','2',0,'MALAMION, JHOVELYN M.',0),(136,'CALL','3444',86,'INDIVIDUAL',27,'2016-02-13','2016-02-13','PEAK',5000,1,7,'NONE',0,'','CHECKED-OUT','NO','2016-02-12','2',0,'MALAMION, JHOVELYN M.',0),(137,'CALL','2345',87,'INDIVIDUAL',5,'2016-02-12','2016-02-12','PEAK',2000,1,2,'NONE',0,'','CHECKED-OUT','NO','2016-02-12','2',0,'MALAMION, JHOVELYN M.',0),(138,'CALL','2324',88,'INDIVIDUAL',14,'2016-02-14','2016-02-14','PEAK',4500,1,6,'NONE',0,'','CHECKED-OUT','NO','2016-02-12','2',0,'MALAMION, JHOVELYN M.',0),(139,'CALL','122',89,'INDIVIDUAL',1,'2016-02-14','2016-02-14','PEAK',2000,1,2,'NONE',0,'','CHECKED-OUT','NO','2016-02-12','2',0,'MALAMION, JHOVELYN M.',0),(140,'CALL','3240',90,'INDIVIDUAL',18,'2016-02-19','2016-02-21','PEAK',5700,2,10,'SENIOR',456,'','CHECKED-IN','NO','2016-02-12','3',2,'MALAMION, JHOVELYN M.',0),(141,'CALL','R89',91,'INDIVIDUAL',27,'2016-02-19','2016-02-21','PEAK',5000,2,7,'NONE',0,'','VOID','YES','2016-02-12','3',0,'MALAMION, JHOVELYN M.',0),(142,'CALL','R90',92,'INDIVIDUAL',1,'2016-02-20','2016-02-20','PEAK',2000,1,2,'NONE',0,'','RESERVED','YES','2016-02-12','1',0,'MALAMION, JHOVELYN M.',0),(143,'CALL','R91',94,'INDIVIDUAL',28,'2016-02-20','2016-02-20','PEAK',4500,1,6,'NONE',0,'','NDP','YES','2016-02-12','1',0,'MALAMION, JHOVELYN M.',0),(144,'CALL','R92',96,'INDIVIDUAL',15,'2016-02-20','2016-02-20','PEAK',2400,1,3,'NONE',0,'','NDP','YES','2016-02-12','1',0,'MALAMION, JHOVELYN M.',0),(145,'CALL','R93',97,'INDIVIDUAL',30,'2016-02-20','2016-02-20','PEAK',2800,1,4,'NONE',0,'','CANCELLED','YES','2016-02-12','1',0,'MALAMION, JHOVELYN M.',0),(146,'CALL','R94',98,'INDIVIDUAL',24,'2016-02-20','2016-02-20','PEAK',3200,1,5,'NONE',0,'','NDP','YES','2016-02-12','1',0,'MALAMION, JHOVELYN M.',0),(147,'CALL','R95',99,'INDIVIDUAL',15,'2016-02-25','2016-02-27','PEAK',2400,2,3,'NONE',0,'','NDP','YES','2016-02-12','1',0,'MALAMION, JHOVELYN M.',0),(148,'CALL','R96',99,'INDIVIDUAL',17,'2016-02-25','2016-02-27','PEAK',2800,2,4,'NONE',0,'','NDP','YES','2016-02-12','1',0,'MALAMION, JHOVELYN M.',0),(149,'CALL','R97',100,'INDIVIDUAL',22,'2016-02-25','2016-02-25','PEAK',2800,1,4,'NONE',0,'','RESERVED','YES','2016-02-12','1',0,'MALAMION, JHOVELYN M.',0),(150,'CALL','R98',100,'INDIVIDUAL',1,'2016-02-25','2016-02-25','PEAK',2000,1,2,'NONE',0,'','RESERVED','YES','2016-02-12','1',0,'MALAMION, JHOVELYN M.',0),(151,'CALL','R99',101,'INDIVIDUAL',16,'2016-02-26','2016-02-26','PEAK',2000,1,2,'NONE',0,'','RESERVED','YES','2016-02-12','1',0,'MALAMION, JHOVELYN M.',0),(152,'CALL','R100',102,'INDIVIDUAL',15,'2016-02-27','2016-02-27','PEAK',2400,1,3,'NONE',0,'','RESERVED','YES','2016-02-12','1',0,'MALAMION, JHOVELYN M.',0),(153,'CALL','R101',104,'INDIVIDUAL',24,'2016-02-26','2016-02-28','PEAK',3200,2,5,'NONE',0,'','NDP','YES','2016-02-12','2',0,'MALAMION, JHOVELYN M.',0),(154,'CALL','R102',105,'INDIVIDUAL',28,'2016-02-26','2016-02-28','PEAK',4500,2,6,'NONE',0,'','RESERVED','YES','2016-02-12','2',0,'MALAMION, JHOVELYN M.',0),(155,'CALL','R103',106,'INDIVIDUAL',1,'2016-02-28','2016-02-29','PEAK',2000,1,2,'NONE',0,'','NDP','YES','2016-02-12','2',0,'MALAMION, JHOVELYN M.',0),(156,'CALL','R104',108,'INDIVIDUAL',14,'2016-02-27','2016-02-27','PEAK',4500,1,6,'NONE',0,'','NDP','YES','2016-02-12','1',0,'MALAMION, JHOVELYN M.',0),(157,'CALL','R105',107,'INDIVIDUAL',21,'2016-02-27','2016-02-27','PEAK',2800,1,4,'NONE',0,'','RESERVED','YES','2016-02-12','1',0,'MALAMION, JHOVELYN M.',0),(158,'CALL','R106',109,'INDIVIDUAL',20,'2016-02-27','2016-02-27','PEAK',2800,1,4,'NONE',0,'','RESERVED','YES','2016-02-12','1',0,'MALAMION, JHOVELYN M.',0),(159,'CALL','R107',110,'INDIVIDUAL',29,'2016-02-27','2016-02-27','PEAK',2800,1,4,'NONE',0,'','RESERVED','NO','2016-02-12','1',0,'MALAMION, JHOVELYN M.',0),(160,'CALL','R108',111,'INDIVIDUAL',22,'2016-02-27','2016-02-27','PEAK',2800,1,4,'NONE',0,'','NDP','YES','2016-02-12','1',0,'MALAMION, JHOVELYN M.',0),(161,'CALL','R109',112,'INDIVIDUAL',26,'2016-02-27','2016-02-29','PEAK',3200,2,5,'NONE',0,'','NDP','YES','2016-02-12','1',0,'MALAMION, JHOVELYN M.',0),(162,'CALL','R110',113,'INDIVIDUAL',21,'2016-03-19','2016-03-19','SUPER PEAK',3200,1,4,'NONE',0,'','NDP','YES','2016-02-12','1',0,'MALAMION, JHOVELYN M.',0),(163,'CALL','R111',114,'INDIVIDUAL',18,'2016-03-19','2016-03-21','SUPER PEAK',6500,2,10,'NONE',0,'','RESERVED','YES','2016-02-12','1',0,'MALAMION, JHOVELYN M.',0),(164,'CALL','R112',114,'INDIVIDUAL',19,'2016-03-19','2016-03-21','SUPER PEAK',5750,2,8,'NONE',0,'','RESERVED','YES','2016-02-12','1',0,'MALAMION, JHOVELYN M.',0),(165,'CALL','R113',114,'INDIVIDUAL',14,'2016-03-19','2016-03-21','SUPER PEAK',5200,2,6,'NONE',0,'','RESERVED','YES','2016-02-12','1',0,'MALAMION, JHOVELYN M.',0),(166,'CALL','R114',114,'INDIVIDUAL',27,'2016-03-19','2016-03-21','SUPER PEAK',5750,2,7,'NONE',0,'','RESERVED','YES','2016-02-12','1',0,'MALAMION, JHOVELYN M.',0),(167,'CALL','R115',114,'INDIVIDUAL',13,'2016-03-19','2016-03-21','SUPER PEAK',6500,2,9,'NONE',0,'','RESERVED','YES','2016-02-12','1',0,'MALAMION, JHOVELYN M.',0),(168,'CALL','R116',115,'INDIVIDUAL',15,'2016-03-12','2016-03-14','SUPER PEAK',2700,2,3,'NONE',0,'','NDP','YES','2016-02-12','1',0,'MALAMION, JHOVELYN M.',0),(169,'CALL','R117',117,'INDIVIDUAL',21,'2016-03-05','2016-03-05','PEAK',2800,1,4,'NONE',0,'','NDP','YES','2016-02-12','1',0,'MALAMION, JHOVELYN M.',0),(170,'CALL','R118',119,'INDIVIDUAL',24,'2016-03-23','2016-03-23','PEAK',3200,1,5,'NONE',0,'','RESERVED','NO','2016-02-12','1',0,'MALAMION, JHOVELYN M.',0),(171,'CALL','R119',119,'INDIVIDUAL',26,'2016-03-23','2016-03-23','PEAK',3200,1,5,'NONE',0,'','RESERVED','YES','2016-02-12','2',0,'MALAMION, JHOVELYN M.',0),(172,'CALL','R120',120,'INDIVIDUAL',1,'2016-03-23','2016-03-23','PEAK',2000,1,2,'NONE',0,'','NDP','YES','2016-02-12','2',0,'MALAMION, JHOVELYN M.',0),(173,'CALL','R121',121,'INDIVIDUAL',6,'2016-03-23','2016-03-23','PEAK',2000,1,2,'NONE',0,'','RESERVED','NO','2016-02-12','2',0,'MALAMION, JHOVELYN M.',0),(174,'CALL','R122',121,'INDIVIDUAL',7,'2016-03-23','2016-03-23','PEAK',2400,1,3,'NONE',0,'','RESERVED','NO','2016-02-12','2',0,'MALAMION, JHOVELYN M.',0),(175,'CALL','R123',122,'INDIVIDUAL',13,'2016-03-24','2016-03-27','PEAK',5700,3,9,'NONE',0,'','NDP','YES','2016-02-12','2',0,'MALAMION, JHOVELYN M.',0),(176,'CALL','R124',122,'INDIVIDUAL',14,'2016-03-24','2016-03-27','PEAK',4500,3,6,'NONE',0,'','NDP','YES','2016-02-12','2',0,'MALAMION, JHOVELYN M.',0),(177,'CALL','R125',123,'INDIVIDUAL',21,'2016-03-24','2016-03-27','PEAK',2800,3,4,'NONE',0,'','RESERVED','YES','2016-02-12','2',0,'MALAMION, JHOVELYN M.',0),(178,'CALL','R126',124,'INDIVIDUAL',1,'2016-03-24','2016-03-24','PEAK',2000,1,2,'NONE',0,'','NDP','YES','2016-02-12','2',0,'MALAMION, JHOVELYN M.',0),(179,'CALL','R127',125,'INDIVIDUAL',17,'2016-03-24','2016-03-27','PEAK',2800,3,4,'NONE',0,'','NDP','YES','2016-02-12','2',0,'MALAMION, JHOVELYN M.',0),(180,'CALL','R128',126,'INDIVIDUAL',24,'2016-03-26','2016-03-26','PEAK',3200,1,5,'NONE',0,'','RESERVED','NO','2016-02-12','2',0,'MALAMION, JHOVELYN M.',0),(181,'CALL','R129',126,'INDIVIDUAL',26,'2016-03-26','2016-03-26','PEAK',3200,1,5,'NONE',0,'','RESERVED','NO','2016-02-12','2',0,'MALAMION, JHOVELYN M.',0),(182,'CALL','R130',127,'INDIVIDUAL',16,'2016-03-29','2016-03-29','PEAK',2000,1,2,'NONE',0,'','NDP','YES','2016-02-12','2',0,'MALAMION, JHOVELYN M.',0),(183,'CALL','R131',128,'INDIVIDUAL',18,'2016-04-08','2016-04-08','PEAK',5700,1,10,'NONE',0,'','NDP','YES','2016-02-12','2',0,'MALAMION, JHOVELYN M.',0),(184,'CALL','R132',128,'INDIVIDUAL',13,'2016-04-08','2016-04-08','PEAK',5700,1,9,'NONE',0,'','NDP','YES','2016-02-12','2',0,'MALAMION, JHOVELYN M.',0),(185,'CALL','R133',129,'INDIVIDUAL',1,'2016-04-09','2016-04-09','PEAK',2000,1,2,'NONE',0,'','RESERVED','YES','2016-02-12','2',0,'MALAMION, JHOVELYN M.',0),(186,'CALL','R134',129,'INDIVIDUAL',2,'2016-04-09','2016-04-09','PEAK',2000,1,2,'NONE',0,'','RESERVED','YES','2016-02-12','2',0,'MALAMION, JHOVELYN M.',0),(187,'CALL','R135',129,'INDIVIDUAL',3,'2016-04-09','2016-04-09','PEAK',2400,1,3,'NONE',0,'','RESERVED','YES','2016-02-12','2',0,'MALAMION, JHOVELYN M.',0),(188,'CALL','R136',130,'INDIVIDUAL',18,'2016-04-30','2016-04-30','PEAK',5700,1,10,'NONE',0,'','RESERVED','YES','2016-02-12','2',0,'MALAMION, JHOVELYN M.',0),(189,'CALL','R137',130,'INDIVIDUAL',23,'2016-04-30','2016-04-30','PEAK',3200,1,5,'NONE',0,'','RESERVED','YES','2016-02-12','2',0,'MALAMION, JHOVELYN M.',0),(190,'CALL','R138',131,'INDIVIDUAL',1,'2016-02-15','2016-02-15','PEAK',2000,1,2,'NONE',0,'','CANCELLED','YES','2016-02-15','2',0,'MALAMION, JHOVELYN M.',0),(191,'CALL','R139',132,'INDIVIDUAL',21,'2016-02-26','2016-02-26','PEAK',2800,1,4,'NONE',0,'','NDP','YES','2016-02-15','2',0,'MALAMION, JHOVELYN M.',0),(192,'CALL','R140',133,'INDIVIDUAL',19,'2016-02-27','2016-02-27','PEAK',5000,1,8,'NONE',0,'','NDP','YES','2016-02-15','2',0,'MALAMION, JHOVELYN M.',0),(193,'CALL','R141',134,'INDIVIDUAL',27,'2016-02-27','2016-02-27','PEAK',5000,1,7,'NONE',0,'','NDP','YES','2016-02-15','2',0,'MALAMION, JHOVELYN M.',0),(194,'CALL','R142',135,'INDIVIDUAL',4,'2016-02-26','2016-02-28','PEAK',2000,2,2,'NONE',0,'','NDP','YES','2016-02-15','2',0,'MALAMION, JHOVELYN M.',0),(195,'CALL','R143',136,'INDIVIDUAL',3,'2016-02-27','2016-02-27','PEAK',2000,1,2,'NONE',0,'','NDP','YES','2016-02-15','2',0,'MALAMION, JHOVELYN M.',0),(196,'CALL','R144',137,'INDIVIDUAL',2,'2016-02-20','2016-02-20','PEAK',2000,1,2,'NONE',0,'','CANCELLED','YES','2016-02-15','2',0,'MALAMION, JHOVELYN M.',0),(197,'CALL','R145',138,'INDIVIDUAL',2,'2016-02-26','2016-02-27','PEAK',2000,1,2,'NONE',0,'','NDP','YES','2016-02-15','2',0,'MALAMION, JHOVELYN M.',0),(198,'CALL','R146',139,'INDIVIDUAL',24,'2016-03-05','2016-03-05','PEAK',3200,1,5,'NONE',0,'','NDP','YES','2016-02-15','2',0,'MALAMION, JHOVELYN M.',0),(199,'CALL','R147',140,'INDIVIDUAL',18,'2016-03-04','2016-03-04','PEAK',5700,1,10,'NONE',0,'','NDP','YES','2016-02-15','2',0,'MALAMION, JHOVELYN M.',0),(200,'CALL','R148',140,'INDIVIDUAL',1,'2016-03-05','2016-03-05','PEAK',2000,1,2,'NONE',0,'','NDP','YES','2016-02-15','2',0,'MALAMION, JHOVELYN M.',0),(201,'CALL','R149',140,'INDIVIDUAL',2,'2016-03-05','2016-03-05','PEAK',2000,1,2,'NONE',0,'','NDP','YES','2016-02-15','2',0,'MALAMION, JHOVELYN M.',0),(202,'CALL','R150',141,'INDIVIDUAL',13,'2016-02-20','2016-02-20','PEAK',5700,1,9,'NONE',0,'','RESERVED','YES','2016-02-16','2',0,'MALAMION, JHOVELYN M.',0),(203,'CALL','R151',142,'INDIVIDUAL',3,'2016-02-25','2016-02-27','PEAK',2000,2,2,'NONE',0,'','NDP','YES','2016-02-16','2',0,'MALAMION, JHOVELYN M.',0),(204,'CALL','R152',143,'INDIVIDUAL',31,'2016-02-26','2016-02-26','PEAK',4500,1,6,'NONE',0,'','NDP','YES','2016-02-16','2',0,'MALAMION, JHOVELYN M.',0),(205,'CALL','R153',144,'INDIVIDUAL',3,'2016-02-20','2016-02-20','PEAK',2000,1,2,'NONE',0,'','NDP','YES','2016-02-17','2',0,'MALAMION, JHOVELYN M.',0),(206,'CALL','R154',145,'INDIVIDUAL',11,'2016-02-27','2016-02-27','PEAK',4200,1,6,'NONE',0,'','NDP','YES','2016-02-17','2',0,'MALAMION, JHOVELYN M.',0),(207,'CALL','R155',146,'INDIVIDUAL',4,'2016-02-21','2016-02-21','PEAK',2400,1,3,'NONE',0,'','NDP','YES','2016-02-17','2',0,'MALAMION, JHOVELYN M.',0),(208,'CALL','R156',147,'INDIVIDUAL',19,'2016-02-20','2016-02-20','PEAK',5000,1,8,'NONE',0,'','NDP','YES','2016-02-18','2',0,'MALAMION, JHOVELYN M.',0),(209,'CALL','R157',147,'INDIVIDUAL',32,'2016-02-20','2016-02-20','PEAK',5000,1,7,'NONE',0,'','NDP','YES','2016-02-18','2',0,'MALAMION, JHOVELYN M.',0),(210,'CALL','R158',149,'INDIVIDUAL',18,'2016-02-27','2016-02-27','PEAK',5700,1,10,'NONE',0,'','RESERVED','YES','2016-02-18','2',0,'MALAMION, JHOVELYN M.',0),(211,'CALL','3235',151,'INDIVIDUAL',1,'2016-02-19','2016-02-19','PEAK',2000,1,2,'NONE',0,'','CHECKED-IN','NO','2016-02-18','2',0,'MALAMION, JHOVELYN M.',0),(212,'CALL','R160',150,'INDIVIDUAL',6,'2016-02-27','2016-02-27','PEAK',2400,1,3,'NONE',0,'','NDP','YES','2016-02-18','2',0,'MALAMION, JHOVELYN M.',0),(213,'CALL','R161',152,'INDIVIDUAL',30,'2016-02-20','2016-02-21','PEAK',2800,1,4,'NONE',0,'','NDP','YES','2016-02-18','3',0,'MALAMION, JHOVELYN M.',0),(214,'CALL','R162',153,'INDIVIDUAL',31,'2016-02-20','2016-02-20','PEAK',4500,1,6,'NONE',0,'','NDP','YES','2016-02-18','2',0,'MALAMION, JHOVELYN M.',0),(215,'CALL','R163',154,'INDIVIDUAL',23,'2016-02-27','2016-02-27','PEAK',3200,1,5,'NONE',0,'','NDP','YES','2016-02-18','2',0,'MALAMION, JHOVELYN M.',0),(216,'CALL','R164',155,'INDIVIDUAL',3,'2016-02-19','2016-02-20','PEAK',2000,1,2,'NONE',0,'','NDP','YES','2016-02-18','2',0,'MALAMION, JHOVELYN M.',0),(217,'CALL','R165',156,'INDIVIDUAL',25,'2016-02-20','2016-02-20','PEAK',3200,1,5,'NONE',0,'','NDP','YES','2016-02-18','2',0,'MALAMION, JHOVELYN M.',0),(218,'CALL','R166',157,'INDIVIDUAL',22,'2016-02-20','2016-02-20','PEAK',2800,1,4,'NONE',0,'','NDP','YES','2016-02-18','2',0,'MALAMION, JHOVELYN M.',0),(219,'CALL','R167',157,'INDIVIDUAL',23,'2016-02-20','2016-02-20','PEAK',3200,1,5,'NONE',0,'','NDP','YES','2016-02-18','2',0,'MALAMION, JHOVELYN M.',0),(220,'CALL','R168',109,'INDIVIDUAL',3,'2016-02-18','2016-02-19','PEAK',2000,1,2,'NONE',0,'','VOID','YES','2016-02-18','3',0,'MALAMION, JHOVELYN M.',0),(221,'CALL','R169',136,'',3,'2016-02-18','2016-02-19','PEAK',2000,1,2,'NONE',0,'','VOID','YES','2016-02-18','1',0,'MALAMION, JHOVELYN M.',0),(222,'CALL','R170',97,'INDIVIDUAL',17,'2016-02-19','2016-02-21','PEAK',2800,2,4,'NONE',0,'','NDP','YES','2016-02-19','3',0,'MALAMION, JHOVELYN M.',0),(223,'CALL','3232',164,'INDIVIDUAL',2,'2016-02-19','2016-02-20','PEAK',2000,1,2,'NONE',0,'','CHECKED-OUT','NO','2016-02-19','2',0,'MALAMION, JHOVELYN M.',0),(224,'CALL','3238',165,'INDIVIDUAL',5,'2016-02-19','2016-02-20','PEAK',2000,1,2,'NONE',0,'','CHECKED-IN','NO','2016-02-19','3',0,'MALAMION, JHOVELYN M.',0),(225,'CALL','R173',95,'INDIVIDUAL',5,'2016-02-20','2016-02-20','PEAK',2000,1,2,'NONE',0,'','NDP','YES','2016-02-19','2',0,'MALAMION, JHOVELYN M.',0),(226,'CALL','R174',79,'INDIVIDUAL',14,'2016-02-20','2016-02-20','PEAK',4500,1,6,'NONE',0,'','RESERVED','YES','2016-02-19','2',0,'MALAMION, JHOVELYN M.',0),(227,'CALL','R175',137,'INDIVIDUAL',2,'2016-02-20','2016-02-20','PEAK',2000,1,2,'NONE',0,'','RESERVED','YES','2016-02-19','2',0,'MALAMION, JHOVELYN M.',0),(228,'CALL','R176',137,'INDIVIDUAL',20,'2016-02-20','2016-02-20','PEAK',2800,1,4,'NONE',0,'','RESERVED','YES','2016-02-19','2',0,'MALAMION, JHOVELYN M.',0),(229,'CALL','R177',137,'INDIVIDUAL',21,'2016-02-20','2016-02-20','PEAK',2800,1,4,'NONE',0,'','NDP','YES','2016-02-19','2',0,'MALAMION, JHOVELYN M.',0),(230,'CALL','R178',166,'INDIVIDUAL',29,'2016-02-19','2016-02-21','PEAK',2800,2,4,'NONE',0,'','NDP','YES','2016-02-19','2',0,'MALAMION, JHOVELYN M.',0),(231,'CALL','R179',168,'INDIVIDUAL',32,'2016-02-26','2016-02-28','PEAK',5000,2,7,'NONE',0,'','NDP','YES','2016-02-19','1',0,'MALAMION, JHOVELYN M.',0),(232,'CALL','R180',169,'INDIVIDUAL',6,'2016-02-25','2016-02-27','PEAK',2400,2,3,'NONE',0,'','NDP','YES','2016-02-19','1',0,'MALAMION, JHOVELYN M.',0),(233,'CALL','R181',103,'INDIVIDUAL',30,'2016-02-27','2016-02-27','PEAK',2800,1,4,'NONE',0,'','RESERVED','YES','2016-02-19','1',0,'MALAMION, JHOVELYN M.',0),(234,'CALL','R182',103,'INDIVIDUAL',25,'2016-02-27','2016-02-27','PEAK',3200,1,5,'NONE',0,'','RESERVED','YES','2016-02-19','1',0,'MALAMION, JHOVELYN M.',0),(235,'CALL','R183',170,'INDIVIDUAL',14,'2016-02-27','2016-02-27','PEAK',4500,1,6,'NONE',0,'','RESERVED','YES','2016-02-19','1',0,'MALAMION, JHOVELYN M.',0),(236,'CALL','R184',171,'INDIVIDUAL',20,'2016-02-27','2016-02-27','PEAK',2800,1,4,'NONE',0,'','RESERVED','YES','2016-02-19','1',0,'MALAMION, JHOVELYN M.',0),(237,'CALL','R185',172,'INDIVIDUAL',13,'2016-02-27','2016-02-27','PEAK',5700,1,9,'NONE',0,'','NDP','YES','2016-02-19','1',0,'MALAMION, JHOVELYN M.',0),(238,'CALL','R186',173,'INDIVIDUAL',2,'2016-02-27','2016-02-27','PEAK',2000,1,2,'NONE',0,'','RESERVED','YES','2016-02-19','1',0,'MALAMION, JHOVELYN M.',0),(239,'CALL','R187',118,'INDIVIDUAL',15,'2016-03-05','2016-03-05','PEAK',2400,1,3,'NONE',0,'','NDP','YES','2016-02-19','1',0,'MALAMION, JHOVELYN M.',0),(240,'CALL','R188',174,'INDIVIDUAL',3,'2016-03-10','2016-03-12','PEAK',2000,2,2,'NONE',0,'','NDP','YES','2016-02-19','1',0,'MALAMION, JHOVELYN M.',0),(241,'CALL','R189',175,'INDIVIDUAL',1,'2016-03-12','2016-03-14','PEAK',2000,2,2,'NONE',0,'','NDP','YES','2016-02-19','1',0,'MALAMION, JHOVELYN M.',0),(242,'CALL','R190',175,'INDIVIDUAL',2,'2016-03-12','2016-03-14','PEAK',2000,2,2,'NONE',0,'','NDP','YES','2016-02-19','1',0,'MALAMION, JHOVELYN M.',0),(243,'CALL','R191',116,'INDIVIDUAL',1,'2016-03-19','2016-03-19','SUPER PEAK',2200,1,2,'NONE',0,'','NDP','YES','2016-02-19','1',0,'MALAMION, JHOVELYN M.',0),(244,'CALL','R192',161,'INDIVIDUAL',17,'2016-03-23','2016-03-23','PEAK',2800,1,4,'NONE',0,'','NDP','YES','2016-02-19','1',0,'MALAMION, JHOVELYN M.',0),(245,'CALL','R193',158,'INDIVIDUAL',19,'2016-03-24','2016-03-26','PEAK',5000,2,8,'NONE',0,'','RESERVED','YES','2016-02-19','1',0,'MALAMION, JHOVELYN M.',0),(246,'CALL','R194',159,'INDIVIDUAL',15,'2016-03-24','2016-03-26','PEAK',2400,2,3,'NONE',0,'','NDP','YES','2016-02-19','1',0,'MALAMION, JHOVELYN M.',0),(247,'CALL','R195',160,'INDIVIDUAL',2,'2016-03-24','2016-03-26','PEAK',2000,2,2,'NONE',0,'','RESERVED','YES','2016-02-19','1',0,'MALAMION, JHOVELYN M.',0),(248,'CALL','R196',177,'INDIVIDUAL',30,'2016-03-24','2016-03-26','PEAK',2800,2,4,'NONE',0,'','RESERVED','YES','2016-02-19','1',0,'MALAMION, JHOVELYN M.',0),(249,'CALL','R197',177,'INDIVIDUAL',31,'2016-03-24','2016-03-26','PEAK',4500,2,6,'NONE',0,'','RESERVED','YES','2016-02-19','1',0,'MALAMION, JHOVELYN M.',0),(250,'CALL','R198',178,'INDIVIDUAL',23,'2016-03-25','2016-03-27','PEAK',3200,2,5,'NONE',0,'','NDP','YES','2016-02-19','1',0,'MALAMION, JHOVELYN M.',0),(251,'CALL','R199',126,'INDIVIDUAL',25,'2016-03-26','2016-03-26','PEAK',3200,1,5,'NONE',0,'','NDP','YES','2016-02-19','1',0,'MALAMION, JHOVELYN M.',0),(252,'CALL','R200',179,'INDIVIDUAL',15,'2016-04-16','2016-04-16','PEAK',2400,1,3,'NONE',0,'','NDP','YES','2016-02-19','1',0,'MALAMION, JHOVELYN M.',0),(253,'CALL','R201',179,'INDIVIDUAL',2,'2016-04-16','2016-04-16','PEAK',2400,1,3,'NONE',0,'','NDP','YES','2016-02-19','1',0,'MALAMION, JHOVELYN M.',0),(254,'CALL','R202',179,'INDIVIDUAL',13,'2016-04-16','2016-04-16','PEAK',5700,1,9,'NONE',0,'','NDP','YES','2016-02-19','1',0,'MALAMION, JHOVELYN M.',0),(255,'CALL','R203',180,'INDIVIDUAL',27,'2016-04-23','2016-04-23','PEAK',5000,1,7,'NONE',0,'','NDP','YES','2016-02-19','1',0,'MALAMION, JHOVELYN M.',0),(256,'CALL','R204',180,'INDIVIDUAL',32,'2016-04-23','2016-04-23','PEAK',5000,1,7,'NONE',0,'','NDP','YES','2016-02-19','1',0,'MALAMION, JHOVELYN M.',0),(257,'CALL','R205',181,'INDIVIDUAL',1,'2016-05-05','2016-05-06','PEAK',2000,1,2,'NONE',0,'','NDP','YES','2016-02-19','1',0,'MALAMION, JHOVELYN M.',0),(258,'CALL','R206',181,'INDIVIDUAL',2,'2016-05-05','2016-05-06','PEAK',2000,1,2,'NONE',0,'','NDP','YES','2016-02-19','1',0,'MALAMION, JHOVELYN M.',0),(259,'CALL','R207',167,'INDIVIDUAL',8,'2016-02-20','2016-02-20','PEAK',2400,1,3,'NONE',0,'','NDP','YES','2016-02-19','2',0,'MALAMION, JHOVELYN M.',0),(260,'WALK-IN','3234',182,'INDIVIDUAL',8,'2016-02-19','2016-02-20','PEAK',2000,1,2,'NONE',0,'','CHECKED-IN','NO','2016-02-19','2',0,'MALAMION, JHOVELYN M.',0),(261,'WALK-IN','3233',183,'INDIVIDUAL',6,'2016-02-19','2016-02-20','PEAK',2000,1,2,'NONE',0,'','CHECKED-IN','NO','2016-02-19','2',0,'MALAMION, JHOVELYN M.',0),(262,'CALL','R208',184,'INDIVIDUAL',18,'2016-02-22','2016-02-23','PEAK',5700,1,10,'SENIOR',228,'','CANCELLED','NO','2016-02-19','3',2,'MALAMION, JHOVELYN M.',0),(263,'WALK-IN','3236',185,'INDIVIDUAL',16,'2016-02-19','2016-02-20','PEAK',2000,1,2,'NONE',0,'','CHECKED-OUT','NO','2016-02-19','3',0,'MALAMION, JHOVELYN M.',0),(264,'CALL','R209',186,'INDIVIDUAL',24,'2016-03-24','2016-03-26','PEAK',3200,2,5,'NONE',0,'','NDP','YES','2016-02-19','1',0,'MALAMION, JHOVELYN M.',0),(265,'CALL','3237',187,'INDIVIDUAL',27,'2016-02-19','2016-02-21','PEAK',5000,2,7,'NONE',0,'','CHECKED-IN','NO','2016-02-19','3',0,'MALAMION, JHOVELYN M.',0),(266,'CALL','3239',189,'INDIVIDUAL',4,'2016-02-19','2016-02-19','PEAK',2000,1,2,'NONE',0,'','CHECKED-IN','NO','2016-02-19','3',0,'MALAMION, JHOVELYN M.',0),(267,'WALK-IN','3241',190,'INDIVIDUAL',30,'2016-02-19','2016-02-20','PEAK',2800,1,4,'NONE',0,'','CHECKED-IN','NO','2016-02-19','3',0,'MALAMION, JHOVELYN M.',0),(268,'CALL','3333444',192,'INDIVIDUAL',10,'2016-04-12','2016-04-13','SUPER PEAK',2200,1,2,'NONE',0,'','CHECKED-IN','NO','2016-03-28','1',0,'YABES, RAISSA N.',0),(269,'CALL','9876',192,'INDIVIDUAL',7,'2016-05-20','2016-05-22','PEAK',2400,2,3,'NONE',0,'','CHECKED-IN','NO','2016-05-06','1',0,'YABES, RAISSA N.',0),(270,'CALL','700',192,'INDIVIDUAL',8,'2016-05-12','2016-05-13','PEAK',2000,1,2,'NONE',0,'','CHECKED-OUT','NO','2016-05-06','1',0,'MALAMION, JHOVELYN M.',0),(271,'CALL','R215',192,'INDIVIDUAL',1,'2016-05-11','2016-05-13','PEAK',2000,2,2,'NONE',0,'','NDP','YES','2016-05-10','1',0,'YABES, RAISSA N.',0),(272,'CALL','999998',193,'INDIVIDUAL',10,'2016-06-07','2016-06-09','SUPER PEAK',2200,2,2,'NONE',0,'','CHECKED-OUT','NO','2016-06-06','1',0,'YABES, RAISSA N.',0),(273,'CALL','R217',193,'INDIVIDUAL',8,'2016-06-09','2016-06-10','SUPER PEAK',2200,1,2,'NONE',0,'','NDP','YES','2016-06-06','1',0,'YABES, RAISSA N.',0);

/*Table structure for table `booking_copy` */

DROP TABLE IF EXISTS `booking_copy`;

CREATE TABLE `booking_copy` (
  `transID` bigint(20) NOT NULL AUTO_INCREMENT,
  `reservationSource` varchar(20) DEFAULT 'WALK-IN',
  `bookingID` varchar(20) DEFAULT NULL,
  `guestID` int(11) DEFAULT NULL,
  `guestType` varchar(20) DEFAULT NULL,
  `roomID` int(11) DEFAULT NULL,
  `dateIn` date DEFAULT NULL,
  `dateOut` date DEFAULT NULL,
  `season` varchar(20) DEFAULT 'PEAK',
  `rate` double DEFAULT NULL,
  `noOfDays` int(11) DEFAULT '1',
  `pax` int(11) DEFAULT '1',
  `discountType` varchar(20) DEFAULT 'NONE',
  `discount` double DEFAULT NULL,
  `notes` varchar(200) DEFAULT 'NONE',
  `status` varchar(20) DEFAULT 'RESERVED',
  `hasBalance` varchar(3) DEFAULT 'YES',
  `bookingDate` date DEFAULT NULL,
  `lastUser` varchar(50) DEFAULT 'ADMIN',
  `senior` int(11) DEFAULT '0',
  `receptionist` varchar(100) DEFAULT 'NONE',
  `commission` double DEFAULT '0',
  PRIMARY KEY (`transID`)
) ENGINE=InnoDB AUTO_INCREMENT=274 DEFAULT CHARSET=latin1;

/*Data for the table `booking_copy` */

insert  into `booking_copy`(`transID`,`reservationSource`,`bookingID`,`guestID`,`guestType`,`roomID`,`dateIn`,`dateOut`,`season`,`rate`,`noOfDays`,`pax`,`discountType`,`discount`,`notes`,`status`,`hasBalance`,`bookingDate`,`lastUser`,`senior`,`receptionist`,`commission`) values (121,'CALL','1234',73,'INDIVIDUAL',2,'2016-02-09','2016-02-12','PEAK',2000,3,2,'NONE',0,'','CHECKED-OUT','NO','2016-02-12','2',0,'MALAMION, JHOVELYN M.',0),(122,'CALL','4545',74,'INDIVIDUAL',32,'2016-02-11','2016-02-14','PEAK',5000,3,7,'NONE',0,'','CHECKED-OUT','NO','2016-02-12','2',0,'MALAMION, JHOVELYN M.',0),(123,'CALL','123',75,'INDIVIDUAL',1,'2016-02-13','2016-02-13','PEAK',2000,1,2,'NONE',0,'','CHECKED-OUT','NO','2016-02-12','2',0,'MALAMION, JHOVELYN M.',0),(124,'CALL','231',75,'INDIVIDUAL',8,'2016-02-13','2016-02-13','PEAK',2000,1,2,'NONE',0,'','CHECKED-OUT','NO','2016-02-12','2',0,'MALAMION, JHOVELYN M.',0),(125,'CALL','1212',76,'INDIVIDUAL',2,'2016-02-13','2016-02-13','PEAK',2000,1,2,'NONE',0,'','CHECKED-OUT','NO','2016-02-12','2',0,'MALAMION, JHOVELYN M.',0),(126,'CALL','1245',77,'INDIVIDUAL',13,'2016-02-13','2016-02-13','PEAK',5700,1,9,'NONE',0,'','CHECKED-OUT','NO','2016-02-12','2',0,'MALAMION, JHOVELYN M.',0),(127,'CALL','7687',77,'INDIVIDUAL',14,'2016-02-13','2016-02-13','PEAK',4500,1,6,'NONE',0,'','CHECKED-OUT','NO','2016-02-12','2',0,'MALAMION, JHOVELYN M.',0),(128,'CALL','12',78,'INDIVIDUAL',16,'2016-02-13','2016-02-13','PEAK',2000,1,2,'NONE',0,'','CHECKED-OUT','NO','2016-02-12','2',0,'MALAMION, JHOVELYN M.',0),(129,'CALL','23',78,'INDIVIDUAL',21,'2016-02-13','2016-02-13','PEAK',2800,1,4,'NONE',0,'','CHECKED-OUT','NO','2016-02-12','2',0,'MALAMION, JHOVELYN M.',0),(130,'CALL','12322',80,'INDIVIDUAL',24,'2016-02-13','2016-02-13','PEAK',3200,1,5,'NONE',0,'','CHECKED-OUT','NO','2016-02-12','2',0,'MALAMION, JHOVELYN M.',0),(131,'CALL','1232',81,'INDIVIDUAL',29,'2016-02-13','2016-02-13','PEAK',2800,1,4,'NONE',0,'','CHECKED-OUT','NO','2016-02-12','2',0,'MALAMION, JHOVELYN M.',0),(132,'CALL','1256',82,'INDIVIDUAL',25,'2016-02-13','2016-02-13','PEAK',3200,1,5,'NONE',0,'','CHECKED-OUT','NO','2016-02-12','2',0,'MALAMION, JHOVELYN M.',0),(133,'CALL','3456',83,'INDIVIDUAL',26,'2016-02-13','2016-02-13','PEAK',3200,1,5,'NONE',0,'','CHECKED-OUT','NO','2016-02-12','2',0,'MALAMION, JHOVELYN M.',0),(134,'CALL','5656',84,'INDIVIDUAL',5,'2016-02-13','2016-02-13','PEAK',2000,1,2,'NONE',0,'','CHECKED-OUT','NO','2016-02-12','2',0,'MALAMION, JHOVELYN M.',0),(135,'CALL','1233',85,'INDIVIDUAL',17,'2016-02-13','2016-02-13','PEAK',2800,1,4,'NONE',0,'','CHECKED-OUT','NO','2016-02-12','2',0,'MALAMION, JHOVELYN M.',0),(136,'CALL','3444',86,'INDIVIDUAL',27,'2016-02-13','2016-02-13','PEAK',5000,1,7,'NONE',0,'','CHECKED-OUT','NO','2016-02-12','2',0,'MALAMION, JHOVELYN M.',0),(137,'CALL','2345',87,'INDIVIDUAL',5,'2016-02-12','2016-02-12','PEAK',2000,1,2,'NONE',0,'','CHECKED-OUT','NO','2016-02-12','2',0,'MALAMION, JHOVELYN M.',0),(138,'CALL','2324',88,'INDIVIDUAL',14,'2016-02-14','2016-02-14','PEAK',4500,1,6,'NONE',0,'','CHECKED-OUT','NO','2016-02-12','2',0,'MALAMION, JHOVELYN M.',0),(139,'CALL','122',89,'INDIVIDUAL',1,'2016-02-14','2016-02-14','PEAK',2000,1,2,'NONE',0,'','CHECKED-OUT','NO','2016-02-12','2',0,'MALAMION, JHOVELYN M.',0),(140,'CALL','3240',90,'INDIVIDUAL',18,'2016-02-19','2016-02-21','PEAK',5700,2,10,'SENIOR',456,'','CHECKED-IN','NO','2016-02-12','3',2,'MALAMION, JHOVELYN M.',0),(141,'CALL','R89',91,'INDIVIDUAL',27,'2016-02-19','2016-02-21','PEAK',5000,2,7,'NONE',0,'','VOID','YES','2016-02-12','3',0,'MALAMION, JHOVELYN M.',0),(142,'CALL','R90',92,'INDIVIDUAL',1,'2016-02-20','2016-02-20','PEAK',2000,1,2,'NONE',0,'','RESERVED','YES','2016-02-12','1',0,'MALAMION, JHOVELYN M.',0),(143,'CALL','R91',94,'INDIVIDUAL',28,'2016-02-20','2016-02-20','PEAK',4500,1,6,'NONE',0,'','NDP','YES','2016-02-12','1',0,'MALAMION, JHOVELYN M.',0),(144,'CALL','R92',96,'INDIVIDUAL',15,'2016-02-20','2016-02-20','PEAK',2400,1,3,'NONE',0,'','NDP','YES','2016-02-12','1',0,'MALAMION, JHOVELYN M.',0),(145,'CALL','R93',97,'INDIVIDUAL',30,'2016-02-20','2016-02-20','PEAK',2800,1,4,'NONE',0,'','CANCELLED','YES','2016-02-12','1',0,'MALAMION, JHOVELYN M.',0),(146,'CALL','R94',98,'INDIVIDUAL',24,'2016-02-20','2016-02-20','PEAK',3200,1,5,'NONE',0,'','NDP','YES','2016-02-12','1',0,'MALAMION, JHOVELYN M.',0),(147,'CALL','R95',99,'INDIVIDUAL',15,'2016-02-25','2016-02-27','PEAK',2400,2,3,'NONE',0,'','NDP','YES','2016-02-12','1',0,'MALAMION, JHOVELYN M.',0),(148,'CALL','R96',99,'INDIVIDUAL',17,'2016-02-25','2016-02-27','PEAK',2800,2,4,'NONE',0,'','NDP','YES','2016-02-12','1',0,'MALAMION, JHOVELYN M.',0),(149,'CALL','R97',100,'INDIVIDUAL',22,'2016-02-25','2016-02-25','PEAK',2800,1,4,'NONE',0,'','RESERVED','YES','2016-02-12','1',0,'MALAMION, JHOVELYN M.',0),(150,'CALL','R98',100,'INDIVIDUAL',1,'2016-02-25','2016-02-25','PEAK',2000,1,2,'NONE',0,'','RESERVED','YES','2016-02-12','1',0,'MALAMION, JHOVELYN M.',0),(151,'CALL','R99',101,'INDIVIDUAL',16,'2016-02-26','2016-02-26','PEAK',2000,1,2,'NONE',0,'','RESERVED','YES','2016-02-12','1',0,'MALAMION, JHOVELYN M.',0),(152,'CALL','R100',102,'INDIVIDUAL',15,'2016-02-27','2016-02-27','PEAK',2400,1,3,'NONE',0,'','RESERVED','YES','2016-02-12','1',0,'MALAMION, JHOVELYN M.',0),(153,'CALL','R101',104,'INDIVIDUAL',24,'2016-02-26','2016-02-28','PEAK',3200,2,5,'NONE',0,'','NDP','YES','2016-02-12','2',0,'MALAMION, JHOVELYN M.',0),(154,'CALL','R102',105,'INDIVIDUAL',28,'2016-02-26','2016-02-28','PEAK',4500,2,6,'NONE',0,'','RESERVED','YES','2016-02-12','2',0,'MALAMION, JHOVELYN M.',0),(155,'CALL','R103',106,'INDIVIDUAL',1,'2016-02-28','2016-02-29','PEAK',2000,1,2,'NONE',0,'','NDP','YES','2016-02-12','2',0,'MALAMION, JHOVELYN M.',0),(156,'CALL','R104',108,'INDIVIDUAL',14,'2016-02-27','2016-02-27','PEAK',4500,1,6,'NONE',0,'','NDP','YES','2016-02-12','1',0,'MALAMION, JHOVELYN M.',0),(157,'CALL','R105',107,'INDIVIDUAL',21,'2016-02-27','2016-02-27','PEAK',2800,1,4,'NONE',0,'','RESERVED','YES','2016-02-12','1',0,'MALAMION, JHOVELYN M.',0),(158,'CALL','R106',109,'INDIVIDUAL',20,'2016-02-27','2016-02-27','PEAK',2800,1,4,'NONE',0,'','RESERVED','YES','2016-02-12','1',0,'MALAMION, JHOVELYN M.',0),(159,'CALL','R107',110,'INDIVIDUAL',29,'2016-02-27','2016-02-27','PEAK',2800,1,4,'NONE',0,'','RESERVED','NO','2016-02-12','1',0,'MALAMION, JHOVELYN M.',0),(160,'CALL','R108',111,'INDIVIDUAL',22,'2016-02-27','2016-02-27','PEAK',2800,1,4,'NONE',0,'','NDP','YES','2016-02-12','1',0,'MALAMION, JHOVELYN M.',0),(161,'CALL','R109',112,'INDIVIDUAL',26,'2016-02-27','2016-02-29','PEAK',3200,2,5,'NONE',0,'','NDP','YES','2016-02-12','1',0,'MALAMION, JHOVELYN M.',0),(162,'CALL','R110',113,'INDIVIDUAL',21,'2016-03-19','2016-03-19','SUPER PEAK',3200,1,4,'NONE',0,'','NDP','YES','2016-02-12','1',0,'MALAMION, JHOVELYN M.',0),(163,'CALL','R111',114,'INDIVIDUAL',18,'2016-03-19','2016-03-21','SUPER PEAK',6500,2,10,'NONE',0,'','RESERVED','YES','2016-02-12','1',0,'MALAMION, JHOVELYN M.',0),(164,'CALL','R112',114,'INDIVIDUAL',19,'2016-03-19','2016-03-21','SUPER PEAK',5750,2,8,'NONE',0,'','RESERVED','YES','2016-02-12','1',0,'MALAMION, JHOVELYN M.',0),(165,'CALL','R113',114,'INDIVIDUAL',14,'2016-03-19','2016-03-21','SUPER PEAK',5200,2,6,'NONE',0,'','RESERVED','YES','2016-02-12','1',0,'MALAMION, JHOVELYN M.',0),(166,'CALL','R114',114,'INDIVIDUAL',27,'2016-03-19','2016-03-21','SUPER PEAK',5750,2,7,'NONE',0,'','RESERVED','YES','2016-02-12','1',0,'MALAMION, JHOVELYN M.',0),(167,'CALL','R115',114,'INDIVIDUAL',13,'2016-03-19','2016-03-21','SUPER PEAK',6500,2,9,'NONE',0,'','RESERVED','YES','2016-02-12','1',0,'MALAMION, JHOVELYN M.',0),(168,'CALL','R116',115,'INDIVIDUAL',15,'2016-03-12','2016-03-14','SUPER PEAK',2700,2,3,'NONE',0,'','NDP','YES','2016-02-12','1',0,'MALAMION, JHOVELYN M.',0),(169,'CALL','R117',117,'INDIVIDUAL',21,'2016-03-05','2016-03-05','PEAK',2800,1,4,'NONE',0,'','NDP','YES','2016-02-12','1',0,'MALAMION, JHOVELYN M.',0),(170,'CALL','R118',119,'INDIVIDUAL',24,'2016-03-23','2016-03-23','PEAK',3200,1,5,'NONE',0,'','RESERVED','NO','2016-02-12','1',0,'MALAMION, JHOVELYN M.',0),(171,'CALL','R119',119,'INDIVIDUAL',26,'2016-03-23','2016-03-23','PEAK',3200,1,5,'NONE',0,'','RESERVED','YES','2016-02-12','2',0,'MALAMION, JHOVELYN M.',0),(172,'CALL','R120',120,'INDIVIDUAL',1,'2016-03-23','2016-03-23','PEAK',2000,1,2,'NONE',0,'','NDP','YES','2016-02-12','2',0,'MALAMION, JHOVELYN M.',0),(173,'CALL','R121',121,'INDIVIDUAL',6,'2016-03-23','2016-03-23','PEAK',2000,1,2,'NONE',0,'','RESERVED','NO','2016-02-12','2',0,'MALAMION, JHOVELYN M.',0),(174,'CALL','R122',121,'INDIVIDUAL',7,'2016-03-23','2016-03-23','PEAK',2400,1,3,'NONE',0,'','RESERVED','NO','2016-02-12','2',0,'MALAMION, JHOVELYN M.',0),(175,'CALL','R123',122,'INDIVIDUAL',13,'2016-03-24','2016-03-27','PEAK',5700,3,9,'NONE',0,'','NDP','YES','2016-02-12','2',0,'MALAMION, JHOVELYN M.',0),(176,'CALL','R124',122,'INDIVIDUAL',14,'2016-03-24','2016-03-27','PEAK',4500,3,6,'NONE',0,'','NDP','YES','2016-02-12','2',0,'MALAMION, JHOVELYN M.',0),(177,'CALL','R125',123,'INDIVIDUAL',21,'2016-03-24','2016-03-27','PEAK',2800,3,4,'NONE',0,'','RESERVED','YES','2016-02-12','2',0,'MALAMION, JHOVELYN M.',0),(178,'CALL','R126',124,'INDIVIDUAL',1,'2016-03-24','2016-03-24','PEAK',2000,1,2,'NONE',0,'','NDP','YES','2016-02-12','2',0,'MALAMION, JHOVELYN M.',0),(179,'CALL','R127',125,'INDIVIDUAL',17,'2016-03-24','2016-03-27','PEAK',2800,3,4,'NONE',0,'','NDP','YES','2016-02-12','2',0,'MALAMION, JHOVELYN M.',0),(180,'CALL','R128',126,'INDIVIDUAL',24,'2016-03-26','2016-03-26','PEAK',3200,1,5,'NONE',0,'','RESERVED','NO','2016-02-12','2',0,'MALAMION, JHOVELYN M.',0),(181,'CALL','R129',126,'INDIVIDUAL',26,'2016-03-26','2016-03-26','PEAK',3200,1,5,'NONE',0,'','RESERVED','NO','2016-02-12','2',0,'MALAMION, JHOVELYN M.',0),(182,'CALL','R130',127,'INDIVIDUAL',16,'2016-03-29','2016-03-29','PEAK',2000,1,2,'NONE',0,'','NDP','YES','2016-02-12','2',0,'MALAMION, JHOVELYN M.',0),(183,'CALL','R131',128,'INDIVIDUAL',18,'2016-04-08','2016-04-08','PEAK',5700,1,10,'NONE',0,'','NDP','YES','2016-02-12','2',0,'MALAMION, JHOVELYN M.',0),(184,'CALL','R132',128,'INDIVIDUAL',13,'2016-04-08','2016-04-08','PEAK',5700,1,9,'NONE',0,'','NDP','YES','2016-02-12','2',0,'MALAMION, JHOVELYN M.',0),(185,'CALL','R133',129,'INDIVIDUAL',1,'2016-04-09','2016-04-09','PEAK',2000,1,2,'NONE',0,'','RESERVED','YES','2016-02-12','2',0,'MALAMION, JHOVELYN M.',0),(186,'CALL','R134',129,'INDIVIDUAL',2,'2016-04-09','2016-04-09','PEAK',2000,1,2,'NONE',0,'','RESERVED','YES','2016-02-12','2',0,'MALAMION, JHOVELYN M.',0),(187,'CALL','R135',129,'INDIVIDUAL',3,'2016-04-09','2016-04-09','PEAK',2400,1,3,'NONE',0,'','RESERVED','YES','2016-02-12','2',0,'MALAMION, JHOVELYN M.',0),(188,'CALL','R136',130,'INDIVIDUAL',18,'2016-04-30','2016-04-30','PEAK',5700,1,10,'NONE',0,'','RESERVED','YES','2016-02-12','2',0,'MALAMION, JHOVELYN M.',0),(189,'CALL','R137',130,'INDIVIDUAL',23,'2016-04-30','2016-04-30','PEAK',3200,1,5,'NONE',0,'','RESERVED','YES','2016-02-12','2',0,'MALAMION, JHOVELYN M.',0),(190,'CALL','R138',131,'INDIVIDUAL',1,'2016-02-15','2016-02-15','PEAK',2000,1,2,'NONE',0,'','CANCELLED','YES','2016-02-15','2',0,'MALAMION, JHOVELYN M.',0),(191,'CALL','R139',132,'INDIVIDUAL',21,'2016-02-26','2016-02-26','PEAK',2800,1,4,'NONE',0,'','NDP','YES','2016-02-15','2',0,'MALAMION, JHOVELYN M.',0),(192,'CALL','R140',133,'INDIVIDUAL',19,'2016-02-27','2016-02-27','PEAK',5000,1,8,'NONE',0,'','NDP','YES','2016-02-15','2',0,'MALAMION, JHOVELYN M.',0),(193,'CALL','R141',134,'INDIVIDUAL',27,'2016-02-27','2016-02-27','PEAK',5000,1,7,'NONE',0,'','NDP','YES','2016-02-15','2',0,'MALAMION, JHOVELYN M.',0),(194,'CALL','R142',135,'INDIVIDUAL',4,'2016-02-26','2016-02-28','PEAK',2000,2,2,'NONE',0,'','NDP','YES','2016-02-15','2',0,'MALAMION, JHOVELYN M.',0),(195,'CALL','R143',136,'INDIVIDUAL',3,'2016-02-27','2016-02-27','PEAK',2000,1,2,'NONE',0,'','NDP','YES','2016-02-15','2',0,'MALAMION, JHOVELYN M.',0),(196,'CALL','R144',137,'INDIVIDUAL',2,'2016-02-20','2016-02-20','PEAK',2000,1,2,'NONE',0,'','CANCELLED','YES','2016-02-15','2',0,'MALAMION, JHOVELYN M.',0),(197,'CALL','R145',138,'INDIVIDUAL',2,'2016-02-26','2016-02-27','PEAK',2000,1,2,'NONE',0,'','NDP','YES','2016-02-15','2',0,'MALAMION, JHOVELYN M.',0),(198,'CALL','R146',139,'INDIVIDUAL',24,'2016-03-05','2016-03-05','PEAK',3200,1,5,'NONE',0,'','NDP','YES','2016-02-15','2',0,'MALAMION, JHOVELYN M.',0),(199,'CALL','R147',140,'INDIVIDUAL',18,'2016-03-04','2016-03-04','PEAK',5700,1,10,'NONE',0,'','NDP','YES','2016-02-15','2',0,'MALAMION, JHOVELYN M.',0),(200,'CALL','R148',140,'INDIVIDUAL',1,'2016-03-05','2016-03-05','PEAK',2000,1,2,'NONE',0,'','NDP','YES','2016-02-15','2',0,'MALAMION, JHOVELYN M.',0),(201,'CALL','R149',140,'INDIVIDUAL',2,'2016-03-05','2016-03-05','PEAK',2000,1,2,'NONE',0,'','NDP','YES','2016-02-15','2',0,'MALAMION, JHOVELYN M.',0),(202,'CALL','R150',141,'INDIVIDUAL',13,'2016-02-20','2016-02-20','PEAK',5700,1,9,'NONE',0,'','RESERVED','YES','2016-02-16','2',0,'MALAMION, JHOVELYN M.',0),(203,'CALL','R151',142,'INDIVIDUAL',3,'2016-02-25','2016-02-27','PEAK',2000,2,2,'NONE',0,'','NDP','YES','2016-02-16','2',0,'MALAMION, JHOVELYN M.',0),(204,'CALL','R152',143,'INDIVIDUAL',31,'2016-02-26','2016-02-26','PEAK',4500,1,6,'NONE',0,'','NDP','YES','2016-02-16','2',0,'MALAMION, JHOVELYN M.',0),(205,'CALL','R153',144,'INDIVIDUAL',3,'2016-02-20','2016-02-20','PEAK',2000,1,2,'NONE',0,'','NDP','YES','2016-02-17','2',0,'MALAMION, JHOVELYN M.',0),(206,'CALL','R154',145,'INDIVIDUAL',11,'2016-02-27','2016-02-27','PEAK',4200,1,6,'NONE',0,'','NDP','YES','2016-02-17','2',0,'MALAMION, JHOVELYN M.',0),(207,'CALL','R155',146,'INDIVIDUAL',4,'2016-02-21','2016-02-21','PEAK',2400,1,3,'NONE',0,'','NDP','YES','2016-02-17','2',0,'MALAMION, JHOVELYN M.',0),(208,'CALL','R156',147,'INDIVIDUAL',19,'2016-02-20','2016-02-20','PEAK',5000,1,8,'NONE',0,'','NDP','YES','2016-02-18','2',0,'MALAMION, JHOVELYN M.',0),(209,'CALL','R157',147,'INDIVIDUAL',32,'2016-02-20','2016-02-20','PEAK',5000,1,7,'NONE',0,'','NDP','YES','2016-02-18','2',0,'MALAMION, JHOVELYN M.',0),(210,'CALL','R158',149,'INDIVIDUAL',18,'2016-02-27','2016-02-27','PEAK',5700,1,10,'NONE',0,'','RESERVED','YES','2016-02-18','2',0,'MALAMION, JHOVELYN M.',0),(211,'CALL','3235',151,'INDIVIDUAL',1,'2016-02-19','2016-02-19','PEAK',2000,1,2,'NONE',0,'','CHECKED-IN','NO','2016-02-18','2',0,'MALAMION, JHOVELYN M.',0),(212,'CALL','R160',150,'INDIVIDUAL',6,'2016-02-27','2016-02-27','PEAK',2400,1,3,'NONE',0,'','NDP','YES','2016-02-18','2',0,'MALAMION, JHOVELYN M.',0),(213,'CALL','R161',152,'INDIVIDUAL',30,'2016-02-20','2016-02-21','PEAK',2800,1,4,'NONE',0,'','NDP','YES','2016-02-18','3',0,'MALAMION, JHOVELYN M.',0),(214,'CALL','R162',153,'INDIVIDUAL',31,'2016-02-20','2016-02-20','PEAK',4500,1,6,'NONE',0,'','NDP','YES','2016-02-18','2',0,'MALAMION, JHOVELYN M.',0),(215,'CALL','R163',154,'INDIVIDUAL',23,'2016-02-27','2016-02-27','PEAK',3200,1,5,'NONE',0,'','NDP','YES','2016-02-18','2',0,'MALAMION, JHOVELYN M.',0),(216,'CALL','R164',155,'INDIVIDUAL',3,'2016-02-19','2016-02-20','PEAK',2000,1,2,'NONE',0,'','NDP','YES','2016-02-18','2',0,'MALAMION, JHOVELYN M.',0),(217,'CALL','R165',156,'INDIVIDUAL',25,'2016-02-20','2016-02-20','PEAK',3200,1,5,'NONE',0,'','NDP','YES','2016-02-18','2',0,'MALAMION, JHOVELYN M.',0),(218,'CALL','R166',157,'INDIVIDUAL',22,'2016-02-20','2016-02-20','PEAK',2800,1,4,'NONE',0,'','NDP','YES','2016-02-18','2',0,'MALAMION, JHOVELYN M.',0),(219,'CALL','R167',157,'INDIVIDUAL',23,'2016-02-20','2016-02-20','PEAK',3200,1,5,'NONE',0,'','NDP','YES','2016-02-18','2',0,'MALAMION, JHOVELYN M.',0),(220,'CALL','R168',109,'INDIVIDUAL',3,'2016-02-18','2016-02-19','PEAK',2000,1,2,'NONE',0,'','VOID','YES','2016-02-18','3',0,'MALAMION, JHOVELYN M.',0),(221,'CALL','R169',136,'',3,'2016-02-18','2016-02-19','PEAK',2000,1,2,'NONE',0,'','VOID','YES','2016-02-18','1',0,'MALAMION, JHOVELYN M.',0),(222,'CALL','R170',97,'INDIVIDUAL',17,'2016-02-19','2016-02-21','PEAK',2800,2,4,'NONE',0,'','NDP','YES','2016-02-19','3',0,'MALAMION, JHOVELYN M.',0),(223,'CALL','3232',164,'INDIVIDUAL',2,'2016-02-19','2016-02-20','PEAK',2000,1,2,'NONE',0,'','CHECKED-OUT','NO','2016-02-19','2',0,'MALAMION, JHOVELYN M.',0),(224,'CALL','3238',165,'INDIVIDUAL',5,'2016-02-19','2016-02-20','PEAK',2000,1,2,'NONE',0,'','CHECKED-IN','NO','2016-02-19','3',0,'MALAMION, JHOVELYN M.',0),(225,'CALL','R173',95,'INDIVIDUAL',5,'2016-02-20','2016-02-20','PEAK',2000,1,2,'NONE',0,'','NDP','YES','2016-02-19','2',0,'MALAMION, JHOVELYN M.',0),(226,'CALL','R174',79,'INDIVIDUAL',14,'2016-02-20','2016-02-20','PEAK',4500,1,6,'NONE',0,'','RESERVED','YES','2016-02-19','2',0,'MALAMION, JHOVELYN M.',0),(227,'CALL','R175',137,'INDIVIDUAL',2,'2016-02-20','2016-02-20','PEAK',2000,1,2,'NONE',0,'','RESERVED','YES','2016-02-19','2',0,'MALAMION, JHOVELYN M.',0),(228,'CALL','R176',137,'INDIVIDUAL',20,'2016-02-20','2016-02-20','PEAK',2800,1,4,'NONE',0,'','RESERVED','YES','2016-02-19','2',0,'MALAMION, JHOVELYN M.',0),(229,'CALL','R177',137,'INDIVIDUAL',21,'2016-02-20','2016-02-20','PEAK',2800,1,4,'NONE',0,'','NDP','YES','2016-02-19','2',0,'MALAMION, JHOVELYN M.',0),(230,'CALL','R178',166,'INDIVIDUAL',29,'2016-02-19','2016-02-21','PEAK',2800,2,4,'NONE',0,'','NDP','YES','2016-02-19','2',0,'MALAMION, JHOVELYN M.',0),(231,'CALL','R179',168,'INDIVIDUAL',32,'2016-02-26','2016-02-28','PEAK',5000,2,7,'NONE',0,'','NDP','YES','2016-02-19','1',0,'MALAMION, JHOVELYN M.',0),(232,'CALL','R180',169,'INDIVIDUAL',6,'2016-02-25','2016-02-27','PEAK',2400,2,3,'NONE',0,'','NDP','YES','2016-02-19','1',0,'MALAMION, JHOVELYN M.',0),(233,'CALL','R181',103,'INDIVIDUAL',30,'2016-02-27','2016-02-27','PEAK',2800,1,4,'NONE',0,'','RESERVED','YES','2016-02-19','1',0,'MALAMION, JHOVELYN M.',0),(234,'CALL','R182',103,'INDIVIDUAL',25,'2016-02-27','2016-02-27','PEAK',3200,1,5,'NONE',0,'','RESERVED','YES','2016-02-19','1',0,'MALAMION, JHOVELYN M.',0),(235,'CALL','R183',170,'INDIVIDUAL',14,'2016-02-27','2016-02-27','PEAK',4500,1,6,'NONE',0,'','RESERVED','YES','2016-02-19','1',0,'MALAMION, JHOVELYN M.',0),(236,'CALL','R184',171,'INDIVIDUAL',20,'2016-02-27','2016-02-27','PEAK',2800,1,4,'NONE',0,'','RESERVED','YES','2016-02-19','1',0,'MALAMION, JHOVELYN M.',0),(237,'CALL','R185',172,'INDIVIDUAL',13,'2016-02-27','2016-02-27','PEAK',5700,1,9,'NONE',0,'','NDP','YES','2016-02-19','1',0,'MALAMION, JHOVELYN M.',0),(238,'CALL','R186',173,'INDIVIDUAL',2,'2016-02-27','2016-02-27','PEAK',2000,1,2,'NONE',0,'','RESERVED','YES','2016-02-19','1',0,'MALAMION, JHOVELYN M.',0),(239,'CALL','R187',118,'INDIVIDUAL',15,'2016-03-05','2016-03-05','PEAK',2400,1,3,'NONE',0,'','NDP','YES','2016-02-19','1',0,'MALAMION, JHOVELYN M.',0),(240,'CALL','R188',174,'INDIVIDUAL',3,'2016-03-10','2016-03-12','PEAK',2000,2,2,'NONE',0,'','NDP','YES','2016-02-19','1',0,'MALAMION, JHOVELYN M.',0),(241,'CALL','R189',175,'INDIVIDUAL',1,'2016-03-12','2016-03-14','PEAK',2000,2,2,'NONE',0,'','NDP','YES','2016-02-19','1',0,'MALAMION, JHOVELYN M.',0),(242,'CALL','R190',175,'INDIVIDUAL',2,'2016-03-12','2016-03-14','PEAK',2000,2,2,'NONE',0,'','NDP','YES','2016-02-19','1',0,'MALAMION, JHOVELYN M.',0),(243,'CALL','R191',116,'INDIVIDUAL',1,'2016-03-19','2016-03-19','SUPER PEAK',2200,1,2,'NONE',0,'','NDP','YES','2016-02-19','1',0,'MALAMION, JHOVELYN M.',0),(244,'CALL','R192',161,'INDIVIDUAL',17,'2016-03-23','2016-03-23','PEAK',2800,1,4,'NONE',0,'','NDP','YES','2016-02-19','1',0,'MALAMION, JHOVELYN M.',0),(245,'CALL','R193',158,'INDIVIDUAL',19,'2016-03-24','2016-03-26','PEAK',5000,2,8,'NONE',0,'','RESERVED','YES','2016-02-19','1',0,'MALAMION, JHOVELYN M.',0),(246,'CALL','R194',159,'INDIVIDUAL',15,'2016-03-24','2016-03-26','PEAK',2400,2,3,'NONE',0,'','NDP','YES','2016-02-19','1',0,'MALAMION, JHOVELYN M.',0),(247,'CALL','R195',160,'INDIVIDUAL',2,'2016-03-24','2016-03-26','PEAK',2000,2,2,'NONE',0,'','RESERVED','YES','2016-02-19','1',0,'MALAMION, JHOVELYN M.',0),(248,'CALL','R196',177,'INDIVIDUAL',30,'2016-03-24','2016-03-26','PEAK',2800,2,4,'NONE',0,'','RESERVED','YES','2016-02-19','1',0,'MALAMION, JHOVELYN M.',0),(249,'CALL','R197',177,'INDIVIDUAL',31,'2016-03-24','2016-03-26','PEAK',4500,2,6,'NONE',0,'','RESERVED','YES','2016-02-19','1',0,'MALAMION, JHOVELYN M.',0),(250,'CALL','R198',178,'INDIVIDUAL',23,'2016-03-25','2016-03-27','PEAK',3200,2,5,'NONE',0,'','NDP','YES','2016-02-19','1',0,'MALAMION, JHOVELYN M.',0),(251,'CALL','R199',126,'INDIVIDUAL',25,'2016-03-26','2016-03-26','PEAK',3200,1,5,'NONE',0,'','NDP','YES','2016-02-19','1',0,'MALAMION, JHOVELYN M.',0),(252,'CALL','R200',179,'INDIVIDUAL',15,'2016-04-16','2016-04-16','PEAK',2400,1,3,'NONE',0,'','NDP','YES','2016-02-19','1',0,'MALAMION, JHOVELYN M.',0),(253,'CALL','R201',179,'INDIVIDUAL',2,'2016-04-16','2016-04-16','PEAK',2400,1,3,'NONE',0,'','NDP','YES','2016-02-19','1',0,'MALAMION, JHOVELYN M.',0),(254,'CALL','R202',179,'INDIVIDUAL',13,'2016-04-16','2016-04-16','PEAK',5700,1,9,'NONE',0,'','NDP','YES','2016-02-19','1',0,'MALAMION, JHOVELYN M.',0),(255,'CALL','R203',180,'INDIVIDUAL',27,'2016-04-23','2016-04-23','PEAK',5000,1,7,'NONE',0,'','NDP','YES','2016-02-19','1',0,'MALAMION, JHOVELYN M.',0),(256,'CALL','R204',180,'INDIVIDUAL',32,'2016-04-23','2016-04-23','PEAK',5000,1,7,'NONE',0,'','NDP','YES','2016-02-19','1',0,'MALAMION, JHOVELYN M.',0),(257,'CALL','R205',181,'INDIVIDUAL',1,'2016-05-05','2016-05-06','PEAK',2000,1,2,'NONE',0,'','NDP','YES','2016-02-19','1',0,'MALAMION, JHOVELYN M.',0),(258,'CALL','R206',181,'INDIVIDUAL',2,'2016-05-05','2016-05-06','PEAK',2000,1,2,'NONE',0,'','NDP','YES','2016-02-19','1',0,'MALAMION, JHOVELYN M.',0),(259,'CALL','R207',167,'INDIVIDUAL',8,'2016-02-20','2016-02-20','PEAK',2400,1,3,'NONE',0,'','NDP','YES','2016-02-19','2',0,'MALAMION, JHOVELYN M.',0),(260,'WALK-IN','3234',182,'INDIVIDUAL',8,'2016-02-19','2016-02-20','PEAK',2000,1,2,'NONE',0,'','CHECKED-IN','NO','2016-02-19','2',0,'MALAMION, JHOVELYN M.',0),(261,'WALK-IN','3233',183,'INDIVIDUAL',6,'2016-02-19','2016-02-20','PEAK',2000,1,2,'NONE',0,'','CHECKED-IN','NO','2016-02-19','2',0,'MALAMION, JHOVELYN M.',0),(262,'CALL','R208',184,'INDIVIDUAL',18,'2016-02-22','2016-02-23','PEAK',5700,1,10,'SENIOR',228,'','CANCELLED','NO','2016-02-19','3',2,'MALAMION, JHOVELYN M.',0),(263,'WALK-IN','3236',185,'INDIVIDUAL',16,'2016-02-19','2016-02-20','PEAK',2000,1,2,'NONE',0,'','CHECKED-OUT','NO','2016-02-19','3',0,'MALAMION, JHOVELYN M.',0),(264,'CALL','R209',186,'INDIVIDUAL',24,'2016-03-24','2016-03-26','PEAK',3200,2,5,'NONE',0,'','NDP','YES','2016-02-19','1',0,'MALAMION, JHOVELYN M.',0),(265,'CALL','3237',187,'INDIVIDUAL',27,'2016-02-19','2016-02-21','PEAK',5000,2,7,'NONE',0,'','CHECKED-IN','NO','2016-02-19','3',0,'MALAMION, JHOVELYN M.',0),(266,'CALL','3239',189,'INDIVIDUAL',4,'2016-02-19','2016-02-19','PEAK',2000,1,2,'NONE',0,'','CHECKED-IN','NO','2016-02-19','3',0,'MALAMION, JHOVELYN M.',0),(267,'WALK-IN','3241',190,'INDIVIDUAL',30,'2016-02-19','2016-02-20','PEAK',2800,1,4,'NONE',0,'','CHECKED-IN','NO','2016-02-19','3',0,'MALAMION, JHOVELYN M.',0),(268,'CALL','3333444',192,'INDIVIDUAL',10,'2016-04-12','2016-04-13','SUPER PEAK',2200,1,2,'NONE',0,'','CHECKED-IN','NO','2016-03-28','1',0,'YABES, RAISSA N.',0),(269,'CALL','9876',192,'INDIVIDUAL',7,'2016-05-20','2016-05-22','PEAK',2400,2,3,'NONE',0,'','CHECKED-IN','NO','2016-05-06','1',0,'YABES, RAISSA N.',0),(270,'CALL','700',192,'INDIVIDUAL',8,'2016-05-12','2016-05-13','PEAK',2000,1,2,'NONE',0,'','CHECKED-OUT','NO','2016-05-06','1',0,'MALAMION, JHOVELYN M.',0),(271,'CALL','R215',192,'INDIVIDUAL',1,'2016-05-11','2016-05-13','PEAK',2000,2,2,'NONE',0,'','NDP','YES','2016-05-10','1',0,'YABES, RAISSA N.',0),(272,'CALL','999998',193,'INDIVIDUAL',10,'2016-06-07','2016-06-09','SUPER PEAK',2200,2,2,'NONE',0,'','CHECKED-OUT','NO','2016-06-06','1',0,'YABES, RAISSA N.',0),(273,'CALL','R217',193,'INDIVIDUAL',8,'2016-06-09','2016-06-10','SUPER PEAK',2200,1,2,'NONE',0,'','NDP','YES','2016-06-06','1',0,'YABES, RAISSA N.',0);

/*Table structure for table `booking_temporary` */

DROP TABLE IF EXISTS `booking_temporary`;

CREATE TABLE `booking_temporary` (
  `transID` bigint(20) NOT NULL AUTO_INCREMENT,
  `reservationSource` varchar(20) DEFAULT 'WALK-IN',
  `bookingID` varchar(20) DEFAULT NULL,
  `guestID` int(11) DEFAULT NULL,
  `roomID` int(11) DEFAULT NULL,
  `dateIn` date DEFAULT NULL,
  `dateOut` date DEFAULT NULL,
  `season` varchar(20) DEFAULT 'PEAK',
  `rate` double DEFAULT NULL,
  `pax` int(11) DEFAULT '1',
  `discountType` varchar(20) DEFAULT 'NONE',
  `discount` double DEFAULT NULL,
  `notes` varchar(200) DEFAULT 'NONE',
  `bookingDate` date DEFAULT NULL,
  `senior` int(11) DEFAULT '0',
  PRIMARY KEY (`transID`)
) ENGINE=InnoDB DEFAULT CHARSET=latin1;

/*Data for the table `booking_temporary` */

/*Table structure for table `employee` */

DROP TABLE IF EXISTS `employee`;

CREATE TABLE `employee` (
  `eid` int(11) NOT NULL AUTO_INCREMENT,
  `empNo` varchar(10) NOT NULL DEFAULT 'NONE',
  `lname` varchar(80) NOT NULL,
  `fname` varchar(80) NOT NULL,
  `mname` varchar(80) NOT NULL,
  `ename` varbinary(100) DEFAULT NULL,
  `designation` varchar(100) NOT NULL,
  PRIMARY KEY (`eid`)
) ENGINE=InnoDB AUTO_INCREMENT=10 DEFAULT CHARSET=utf8;

/*Data for the table `employee` */

insert  into `employee`(`eid`,`empNo`,`lname`,`fname`,`mname`,`ename`,`designation`) values (2,'3065','Casem','Elvin','Estoque',NULL,'Instructor I'),(4,'NONE','Buenio','Nympha','N.','','Chief Administrative Officer'),(5,'NONE','Galera Jr.','Rogelio','T',NULL,'ES II / Supply Officer Designate'),(7,'NONE','Diego','Cherrie Melanie','A.','Ed. D.','Director IV'),(9,'10001','Cabanban','Christianne Lynnette','G','','Education Supervisor II');

/*Table structure for table `guest` */

DROP TABLE IF EXISTS `guest`;

CREATE TABLE `guest` (
  `guestID` int(11) NOT NULL AUTO_INCREMENT,
  `guestType` varchar(15) DEFAULT 'INDIVIDUAL',
  `guestName` varchar(100) DEFAULT NULL,
  `address` varchar(100) DEFAULT NULL,
  `contactNo` varchar(35) DEFAULT 'NONE',
  `eMail` varchar(50) DEFAULT 'NONE',
  `fb` varchar(50) DEFAULT 'NONE',
  `nationality` varchar(300) DEFAULT 'NONE',
  `status` varchar(10) DEFAULT 'ACTIVE',
  PRIMARY KEY (`guestID`)
) ENGINE=InnoDB AUTO_INCREMENT=194 DEFAULT CHARSET=latin1;

/*Data for the table `guest` */

insert  into `guest`(`guestID`,`guestType`,`guestName`,`address`,`contactNo`,`eMail`,`fb`,`nationality`,`status`) values (73,'INDIVIDUAL','LIEZEL ABRQUE','NONE','09464625077','NONE','NONE','NONE','ACTIVE'),(74,'INDIVIDUAL','ALI DANA','NONE','09175120193','NONE','NONE','NONE','ACTIVE'),(75,'INDIVIDUAL','CHARISSA GOMEZ','NONE','09434798560','NONE','NONE','NONE','ACTIVE'),(76,'INDIVIDUAL','DOLLY GRACE PANGILINAN','NONE','09173242880','NONE','NONE','NONE','ACTIVE'),(77,'INDIVIDUAL','MARIE STEPHANIE CHING','NONE','09178005079','NONE','NONE','NONE','ACTIVE'),(78,'INDIVIDUAL','INA MOLANO','NONE','09178192764','NONE','NONE','NONE','ACTIVE'),(79,'INDIVIDUAL','BUENA MERCADO','NONE','09179744030','NONE','NONE','NONE','ACTIVE'),(80,'INDIVIDUAL','MINI BERENGULA','NONE','09173123497','NONE','NONE','NONE','ACTIVE'),(81,'INDIVIDUAL','LOURDES HERERRA','NONE','09065736176','NONE','NONE','NONE','ACTIVE'),(82,'INDIVIDUAL','MAJORIE TORRES','NONE','09175100952','NONE','NONE','NONE','ACTIVE'),(83,'INDIVIDUAL','ROMINA JO OPULENCIA','NONE','09175926117','NONE','NONE','NONE','ACTIVE'),(84,'INDIVIDUAL','MARI DELA CRUZ','NONE','09176581114','NONE','NONE','NONE','ACTIVE'),(85,'INDIVIDUAL','TELLA UY','NONE','09178663540','NONE','NONE','NONE','ACTIVE'),(86,'INDIVIDUAL','AR AR REYES','NONE','09178874710','NONE','NONE','NONE','ACTIVE'),(87,'INDIVIDUAL','JOHANNE SIBUG','NONE','09989849015','NONE','NONE','NONE','ACTIVE'),(88,'INDIVIDUAL','JEAN HERNANDEZ','NONE','09178499426','NONE','NONE','NONE','ACTIVE'),(89,'INDIVIDUAL','RALPH KESTER RAGAZA','NONE','09165993023','NONE','NONE','NONE','ACTIVE'),(90,'INDIVIDUAL','KRISTINE PIZZARO','NONE','09154005964','NONE','NONE','NONE','ACTIVE'),(91,'INDIVIDUAL','DOUGLAS PRADO','NONE','09056628591','NONE','NONE','NONE','ACTIVE'),(92,'INDIVIDUAL','ICE TAN','NONE','09175361209','NONE','NONE','NONE','ACTIVE'),(93,'INDIVIDUAL','KRIZIA CAMILLE VARGAS','NONE','09159140726','NONE','NONE','NONE','ACTIVE'),(94,'INDIVIDUAL','BERNALDEEN UY','NONE','09248164700','NONE','NONE','NONE','ACTIVE'),(95,'INDIVIDUAL','EDGARDO CUEVAS','NONE','09351584257','NONE','NONE','NONE','ACTIVE'),(96,'INDIVIDUAL','CRISTINA MORALES','NONE','09178964127','NONE','NONE','NONE','ACTIVE'),(97,'INDIVIDUAL','GEO PATRICIO','NONE','09164206421','NONE','NONE','NONE','ACTIVE'),(98,'INDIVIDUAL','NICA BALISI','NONE','09175973224','NONE','NONE','NONE','ACTIVE'),(99,'INDIVIDUAL','MARISEN JERUSALEM','NONE','09178192764','NONE','NONE','NONE','ACTIVE'),(100,'INDIVIDUAL','JAY LACARTE','NONE','09989576990','NONE','NONE','NONE','ACTIVE'),(101,'INDIVIDUAL','VIELA SANTOS','NONE','09176320228','NONE','NONE','NONE','ACTIVE'),(102,'INDIVIDUAL','NEIL ANDRE ABAD','NONE','09171480511','NONE','NONE','NONE','ACTIVE'),(103,'INDIVIDUAL','LENNY CRISTOBAL','NONE','09158578472','NONE','NONE','NONE','ACTIVE'),(104,'INDIVIDUAL','HELENA TIONGSON','NONE','09178670656','NONE','NONE','NONE','ACTIVE'),(105,'INDIVIDUAL','EDMOND DEFIESTA','NONE','09174426610','NONE','NONE','NONE','ACTIVE'),(106,'INDIVIDUAL','KING MONFEREAL','NONE','09162019144','NONE','NONE','NONE','ACTIVE'),(107,'INDIVIDUAL','JONEL DERILO','NONE','09273766482','NONE','NONE','NONE','ACTIVE'),(108,'INDIVIDUAL','LEYD TULUD','NONE','09175912754','NONE','NONE','NONE','ACTIVE'),(109,'INDIVIDUAL','JACOB EHMSEN','NONE','09156913216','NONE','NONE','DANISH','ACTIVE'),(110,'INDIVIDUAL','ANNA MARIE MACARAIG','NONE','09156913216','NONE','NONE','NONE','ACTIVE'),(111,'INDIVIDUAL','DENNIS GONZALO LABORDO','NONE','09176431949','NONE','NONE','NONE','ACTIVE'),(112,'INDIVIDUAL','LIA CABUSORA','NONE','09175180274','NONE','NONE','NONE','ACTIVE'),(113,'INDIVIDUAL','JAYZEL BABLES','NONE','09175052607','NONE','NONE','NONE','ACTIVE'),(114,'INDIVIDUAL','JONALYN PINSON','NONE','09175135333','NONE','NONE','NONE','ACTIVE'),(115,'INDIVIDUAL','JOHN JASON ALBERTO','NONE','09063566839','NONE','NONE','NONE','ACTIVE'),(116,'INDIVIDUAL','KRITINE FETALVERO','NONE','09363100071','NONE','NONE','NONE','ACTIVE'),(117,'INDIVIDUAL','JANIAH PACLETA','NONE','09989689290','NONE','NONE','NONE','ACTIVE'),(118,'INDIVIDUAL','FILIPINAS CARVAJAL','NONE','09063099480','NONE','NONE','NONE','ACTIVE'),(119,'INDIVIDUAL','HERMAN TIU','NONE','09178880589','NONE','NONE','NONE','ACTIVE'),(120,'INDIVIDUAL','CEDRIC ABACCO','NONE','09128535788','NONE','NONE','NONE','ACTIVE'),(121,'INDIVIDUAL','NISSIN','NONE','09275844986','NONE','NONE','NONE','ACTIVE'),(122,'INDIVIDUAL','JAKE MARTIN TAGARO','NONE','09178825253','NONE','NONE','NONE','ACTIVE'),(123,'INDIVIDUAL','ALBERT AVECILLA','NONE','09175329453','NONE','NONE','NONE','ACTIVE'),(124,'INDIVIDUAL','RONALD MACALLE','NONE','09175329453','NONE','NONE','NONE','ACTIVE'),(125,'INDIVIDUAL','EILEEN CRUZ','NONE','09175860786','NONE','NONE','NONE','ACTIVE'),(126,'INDIVIDUAL','HARVIN TIU AND HERMAN TIU','NONE','09178880589','NONE','NONE','NONE','ACTIVE'),(127,'INDIVIDUAL','KRISSAR UDDING','NONE','+966550475617','NONE','NONE','NONE','ACTIVE'),(128,'INDIVIDUAL','ANDREA BAGOTTO','NONE','09258015638','NONE','NONE','NONE','ACTIVE'),(129,'INDIVIDUAL','CLAIRE V.','NONE','09985443226','NONE','NONE','NONE','ACTIVE'),(130,'INDIVIDUAL','JESS MARK ONG','NONE','09778119216','NONE','NONE','NONE','ACTIVE'),(131,'INDIVIDUAL','SAMPLE','NONE','NONE','NONE','NONE','NONE','ACTIVE'),(132,'INDIVIDUAL','JC CASTILLO','NONE','09989985146','NONE','NONE','NONE','ACTIVE'),(133,'INDIVIDUAL','JEROME AQUINO','NONE','09173198907','NONE','NONE','NONE','ACTIVE'),(134,'INDIVIDUAL','RACHEL MOONG','NONE','09176299521','NONE','NONE','NONE','ACTIVE'),(135,'INDIVIDUAL','TEODORO JOSE ORQUIZA','NONE','09175829404','NONE','NONE','NONE','ACTIVE'),(136,'INDIVIDUAL','AILEEN SERRANO','NONE','09175821844','NONE','NONE','NONE','ACTIVE'),(137,'INDIVIDUAL','DRAHCIR SALAZAR','NONE','09175200242','NONE','NONE','NONE','ACTIVE'),(138,'INDIVIDUAL','ERJOSH SALVAME','NONE','09228883505','NONE','NONE','NONE','ACTIVE'),(139,'INDIVIDUAL','JOANNE PACIS','NONE','0917839941','NONE','NONE','NONE','ACTIVE'),(140,'INDIVIDUAL','CARLO SAMBILAY','NONE','09177201129','NONE','NONE','NONE','ACTIVE'),(141,'INDIVIDUAL','CARLO RENIVA','NONE','NONE','NONE','NONE','NONE','ACTIVE'),(142,'INDIVIDUAL','DAYDEE VILLARAMA','NONE','09178504776','NONE','NONE','NONE','ACTIVE'),(143,'INDIVIDUAL','ZUZETE','NONE','09178879496','NONE','NONE','NONE','ACTIVE'),(144,'INDIVIDUAL','KIM MIN WOO','NONE','09954574362','NONE','NONE','NONE','ACTIVE'),(145,'INDIVIDUAL','CHESTER MARK SUPANG','NONE','09154472431','NONE','NONE','NONE','ACTIVE'),(146,'INDIVIDUAL','ROCHELLE ANN PADOLINA','NONE','09158242225','NONE','NONE','NONE','ACTIVE'),(147,'INDIVIDUAL','JOHANN PAG-ONG','NONE','09175546236','NONE','NONE','NONE','ACTIVE'),(148,'INDIVIDUAL','TOM AND JOY','NONE','NONE','NONE','NONE','NONE','ACTIVE'),(149,'INDIVIDUAL','ISAIAH SERRANO','NONE','09063265613','NONE','NONE','NONE','ACTIVE'),(150,'INDIVIDUAL','BERNADETTE AQUINO','NONE','09425681025','NONE','NONE','NONE','ACTIVE'),(151,'INDIVIDUAL','JAYSON CHAVEZ','NONE','09176922069','NONE','NONE','NONE','ACTIVE'),(152,'INDIVIDUAL','ANTOLIN CAPILI','NONE','09999912175','NONE','NONE','NONE','ACTIVE'),(153,'INDIVIDUAL','JAN MICHAEL VICENTE','NONE','09159601955','NONE','NONE','NONE','ACTIVE'),(154,'INDIVIDUAL','LOUISA RAMIREZ','NONE','09778121213','NONE','NONE','NONE','ACTIVE'),(155,'INDIVIDUAL','ARLENE PASAGUI','NONE','NONE','NONE','NONE','NONE','ACTIVE'),(156,'INDIVIDUAL','RICA KING','NONE','09062040967','NONE','NONE','NONE','ACTIVE'),(157,'INDIVIDUAL','LYSSA ILAGAN','NONE','09175930864','NONE','NONE','NONE','ACTIVE'),(158,'INDIVIDUAL','JENICA MONTALBO','NONE','09276245589','NONE','NONE','NONE','ACTIVE'),(159,'INDIVIDUAL','BERNADETTE ENCAMACION','NONE','09277102102','NONE','NONE','NONE','ACTIVE'),(160,'INDIVIDUAL','HAZEL ALQUIZA','NONE','09054618838','NONE','NONE','NONE','ACTIVE'),(161,'INDIVIDUAL','JELLY FERNANDEZ','NONE','09154540997','NONE','NONE','NONE','ACTIVE'),(162,'INDIVIDUAL','MIKE FERNANDEZ','NONE','NONE','NONE','NONE','NONE','ACTIVE'),(163,'INDIVIDUAL','JACOB EHMEN','STOKED S2 8980 RA','0045 5134 6821','NONE','NONE','DANISH','ACTIVE'),(164,'INDIVIDUAL','ELYMAR JAVAR','NONE','09988438142','NONE','NONE','NONE','ACTIVE'),(165,'INDIVIDUAL','CHESKA GARCIA','NONE','09175671345','NONE','NONE','NONE','ACTIVE'),(166,'INDIVIDUAL','CIELO TORRES','NONE','09175997172','NONE','NONE','NONE','ACTIVE'),(167,'INDIVIDUAL','EDUARO','NONE','NONE','NONE','NONE','NONE','ACTIVE'),(168,'INDIVIDUAL','MAFEL TAMAYO','NONE','09189853606','NONE','NONE','NONE','ACTIVE'),(169,'INDIVIDUAL','LEIGH FORMOSO','NONE','09985559394','NONE','NONE','NONE','ACTIVE'),(170,'INDIVIDUAL','LOYO TULUD','NONE','09175912754','NONE','NONE','NONE','ACTIVE'),(171,'INDIVIDUAL','AARON MANALANZAN','NONE','09399450498','NONE','NONE','NONE','ACTIVE'),(172,'INDIVIDUAL','LORELEI AREVALO','NONE','09228474016','NONE','NONE','NONE','ACTIVE'),(173,'INDIVIDUAL','DIANA VILLEGAS','NONE','09178688061','NONE','NONE','NONE','ACTIVE'),(174,'INDIVIDUAL','FRANCIS DELA CRUZ','NONE','09175866783','NONE','NONE','NONE','ACTIVE'),(175,'INDIVIDUAL','ROMEO RAMOS JR.','NONE','09175151106','NONE','NONE','NONE','ACTIVE'),(176,'INDIVIDUAL','KRISTINE FETALVERO','NONE','09363100071','NONE','NONE','NONE','ACTIVE'),(177,'INDIVIDUAL','CZARLEMAME SEE','NONE','09175353787','NONE','NONE','NONE','ACTIVE'),(178,'INDIVIDUAL','ABBIE MENGUITA','NONE','09175402380','NONE','NONE','NONE','ACTIVE'),(179,'INDIVIDUAL','RIZZA ALON','NONE','09178159213','NONE','NONE','NONE','ACTIVE'),(180,'INDIVIDUAL','BALGACHOR CADIMAS','NONE','09162609312','NONE','NONE','NONE','ACTIVE'),(181,'INDIVIDUAL','GINA NINAUS','NONE','NONE','NONE','NONE','NONE','ACTIVE'),(182,'INDIVIDUAL','ROY TIU','BULACAN','09174218477','NONE','NONE','NONE','ACTIVE'),(183,'INDIVIDUAL','MICHAEL YONGEVE','PASAY CITY','09178369493','NONE','NONE','NONE','ACTIVE'),(184,'INDIVIDUAL','JOSEPH ABELLERA','NONE','NONE','NONE','NONE','NONE','ACTIVE'),(185,'INDIVIDUAL','CHRISTIAN QUIBUYEN','NUEVA ECIJA','09066812741','','NONE','FILIPINO','ACTIVE'),(186,'INDIVIDUAL','XANDY LU','NONE','09321127755','NONE','NONE','NONE','ACTIVE'),(187,'INDIVIDUAL','ROEL MAMAAT (DOUGLAS PRADO)','44 PEREZ BLVD. SAN CARLOS CITY, PANGASINAN','09159410607','NONE','NONE','FILIPINO','ACTIVE'),(188,'INDIVIDUAL','ROEL MAMAT (DOUGLAS PRADO)','44 PEREZ BLVD. SAN CARLOS CITY, PANGASINAN','09159410607','NONE','NONE','FILIPINO','ACTIVE'),(189,'INDIVIDUAL','EVANGELINE SICANGCO','NONE','2017246929','NONE','NONE','FILIPINO','ACTIVE'),(190,'INDIVIDUAL','SHAIKHANI KHALIL S.','BAGUIO CITY','09771388379','NONE','NONE','NONE','ACTIVE'),(191,'COMPANY','EVENLY TEN WEB SOLUTIONS','NONE','NONE','NONE','NONE','NONE','ACTIVE'),(192,'INDIVIDUAL','ELVIN','NONE','NONE','NONE','NONE','NONE','ACTIVE'),(193,'INDIVIDUAL','IVAN ALICANTE','CABA','NONE','NONE','NONE','NONE','ACTIVE');

/*Table structure for table `other_charges` */

DROP TABLE IF EXISTS `other_charges`;

CREATE TABLE `other_charges` (
  `chargeID` bigint(20) NOT NULL AUTO_INCREMENT,
  `particular` varchar(100) DEFAULT NULL,
  `amount` double DEFAULT NULL,
  PRIMARY KEY (`chargeID`)
) ENGINE=InnoDB AUTO_INCREMENT=6 DEFAULT CHARSET=latin1;

/*Data for the table `other_charges` */

insert  into `other_charges`(`chargeID`,`particular`,`amount`) values (1,'EXTRA BED',500),(2,'CORKAGE FEE',100),(3,'EARLY CHECK IN',500),(4,'LATE CHECK OUT',200),(5,'ADDITIONAL HEAD',500);

/*Table structure for table `payment` */

DROP TABLE IF EXISTS `payment`;

CREATE TABLE `payment` (
  `payTransID` bigint(20) NOT NULL AUTO_INCREMENT,
  `bookingID` varchar(20) DEFAULT NULL,
  `guestID` int(11) DEFAULT NULL,
  `payDate` date DEFAULT NULL,
  `orno` varchar(20) DEFAULT NULL,
  `feeTitle` varchar(100) DEFAULT NULL,
  `feeType` varchar(10) DEFAULT NULL,
  `amount` double DEFAULT NULL,
  `status` varchar(15) DEFAULT 'OK',
  `payType` varchar(15) DEFAULT 'CASH',
  `cardType` varchar(35) DEFAULT 'NONE',
  `payor` varchar(100) DEFAULT 'NONE',
  `refNo` varchar(35) DEFAULT 'NONE',
  `bankName` varchar(100) DEFAULT 'NONE',
  `chequeNo` varchar(35) DEFAULT 'NONE',
  `lastUser` varchar(100) DEFAULT 'NONE',
  `cashier` varchar(100) DEFAULT 'NONE',
  `notes` varchar(300) DEFAULT 'NONE',
  PRIMARY KEY (`payTransID`),
  UNIQUE KEY `payTransID` (`payTransID`)
) ENGINE=InnoDB AUTO_INCREMENT=189 DEFAULT CHARSET=latin1;

/*Data for the table `payment` */

insert  into `payment`(`payTransID`,`bookingID`,`guestID`,`payDate`,`orno`,`feeTitle`,`feeType`,`amount`,`status`,`payType`,`cardType`,`payor`,`refNo`,`bankName`,`chequeNo`,`lastUser`,`cashier`,`notes`) values (90,'1234',73,'2016-02-12','1063','RENT for ROOM','ROOM',6000,'OK','CASH','NONE','NONE','NONE','NONE','NONE','1','1','NONE'),(91,'1212',76,'2016-02-12','1064','RENT for ROOM','DOWN',1000,'OK','CASH','NONE','NONE','NONE','NONE','NONE','1','1','NONE'),(92,'1245',77,'2016-02-12','1065','RENT for ROOM','DOWN',2850,'OK','CASH','NONE','NONE','NONE','NONE','NONE','1','1','NONE'),(93,'7687',77,'2016-02-12','1066','RENT for ROOM','DOWN',2250,'OK','CASH','NONE','NONE','NONE','NONE','NONE','1','1','NONE'),(94,'12',78,'2016-02-12','1067','RENT for ROOM','DOWN',1000,'OK','CASH','NONE','NONE','NONE','NONE','NONE','1','1','NONE'),(95,'23',78,'2016-02-12','1068','RENT for ROOM','DOWN',1400,'OK','CASH','NONE','NONE','NONE','NONE','NONE','1','1','NONE'),(96,'12322',80,'2016-02-12','1069','RENT for ROOM','DOWN',1600,'OK','CASH','NONE','NONE','NONE','NONE','NONE','1','1','NONE'),(97,'1232',81,'2016-02-12','1070','RENT for ROOM','DOWN',1400,'OK','CASH','NONE','NONE','NONE','NONE','NONE','1','1','NONE'),(98,'1256',82,'2016-02-12','1071','RENT for ROOM','DOWN',1600,'OK','CASH','NONE','NONE','NONE','NONE','NONE','1','1','NONE'),(99,'3456',83,'2016-02-12','1072','RENT for ROOM','DOWN',1600,'OK','CASH','NONE','NONE','NONE','NONE','NONE','1','1','NONE'),(100,'1233',85,'2016-02-12','1073','RENT for ROOM','DOWN',1400,'OK','CASH','NONE','NONE','NONE','NONE','NONE','1','1','NONE'),(101,'2345',87,'2016-02-12','1074','RENT for ROOM','DOWN',1000,'OK','CASH','NONE','NONE','NONE','NONE','NONE','1','1','NONE'),(102,'2324',88,'2016-02-12','1075','RENT for ROOM','DOWN',2250,'OK','CASH','NONE','NONE','NONE','NONE','NONE','1','1','NONE'),(103,'R89',91,'2016-02-12','1076','RENT for ROOM','DOWN',5000,'VOID','CASH','NONE','NONE','NONE','NONE','NONE','1','1','NONE'),(104,'R90',92,'2016-02-12','1077','RENT for ROOM','DOWN',1000,'OK','CASH','NONE','NONE','NONE','NONE','NONE','1','1','NONE'),(105,'R97',100,'2016-02-12','1078','RENT for ROOM','DOWN',1400,'OK','CASH','NONE','NONE','NONE','NONE','NONE','1','1','NONE'),(106,'R98',100,'2016-02-12','1079','RENT for ROOM','DOWN',1000,'OK','CASH','NONE','NONE','NONE','NONE','NONE','1','1','NONE'),(107,'R99',101,'2016-02-12','1080','RENT for ROOM','DOWN',1000,'OK','CASH','NONE','NONE','NONE','NONE','NONE','1','1','NONE'),(108,'R102',105,'2016-02-12','1081','RENT for ROOM','DOWN',4500,'OK','CASH','NONE','NONE','NONE','NONE','NONE','1','1','NONE'),(109,'R105',107,'2016-02-12','1082','RENT for ROOM','DOWN',1400,'OK','CASH','NONE','NONE','NONE','NONE','NONE','1','1','NONE'),(110,'R106',109,'2016-02-12','1083','RENT for ROOM','DOWN',1400,'OK','CASH','NONE','NONE','NONE','NONE','NONE','1','1','NONE'),(111,'R107',110,'2016-02-12','1084','RENT for ROOM','ROOM',2800,'OK','CASH','NONE','NONE','NONE','NONE','NONE','1','1','NONE'),(112,'R111',114,'2016-02-12','1085','RENT for ROOM','DOWN',6500,'OK','CASH','NONE','NONE','NONE','NONE','NONE','1','1','NONE'),(113,'R112',114,'2016-02-12','1086','RENT for ROOM','DOWN',5750,'OK','CASH','NONE','NONE','NONE','NONE','NONE','1','1','NONE'),(114,'R113',114,'2016-02-12','1087','RENT for ROOM','DOWN',5200,'OK','CASH','NONE','NONE','NONE','NONE','NONE','1','1','NONE'),(115,'R114',114,'2016-02-12','1088','RENT for ROOM','DOWN',5750,'OK','CASH','NONE','NONE','NONE','NONE','NONE','1','1','NONE'),(116,'R115',114,'2016-02-12','1089','RENT for ROOM','DOWN',6500,'OK','CASH','NONE','NONE','NONE','NONE','NONE','1','1','NONE'),(117,'R118',119,'2016-02-12','1090','RENT for ROOM','DOWN',1600,'OK','CASH','NONE','NONE','NONE','NONE','NONE','1','1','NONE'),(118,'R118',119,'2016-02-12','1091','RENT for ROOM','ROOM',1600,'OK','CASH','NONE','NONE','NONE','NONE','NONE','1','1','NONE'),(119,'R119',119,'2016-02-12','1092','RENT for ROOM','DOWN',1600,'OK','CASH','NONE','NONE','NONE','NONE','NONE','1','1','NONE'),(120,'R121',121,'2016-02-12','1093','RENT for ROOM','ROOM',2000,'OK','CASH','NONE','NONE','NONE','NONE','NONE','1','1','NONE'),(121,'R122',121,'2016-02-12','1094','RENT for ROOM','ROOM',2400,'OK','CASH','NONE','NONE','NONE','NONE','NONE','1','1','NONE'),(122,'R125',123,'2016-02-12','1095','RENT for ROOM','DOWN',4200,'OK','CASH','NONE','NONE','NONE','NONE','NONE','1','1','NONE'),(123,'R128',126,'2016-02-12','1096','RENT for ROOM','ROOM',3200,'OK','CASH','NONE','NONE','NONE','NONE','NONE','1','1','NONE'),(124,'R129',126,'2016-02-12','1097','RENT for ROOM','ROOM',3200,'OK','CASH','NONE','NONE','NONE','NONE','NONE','1','1','NONE'),(125,'R133',129,'2016-02-12','1098','RENT for ROOM','DOWN',1000,'OK','CASH','NONE','NONE','NONE','NONE','NONE','1','1','NONE'),(126,'R134',129,'2016-02-12','1099','RENT for ROOM','DOWN',1000,'OK','CASH','NONE','NONE','NONE','NONE','NONE','1','1','NONE'),(127,'R135',129,'2016-02-12','1100','RENT for ROOM','DOWN',1200,'OK','CASH','NONE','NONE','NONE','NONE','NONE','1','1','NONE'),(128,'R136',130,'2016-02-12','1101','RENT for ROOM','DOWN',2850,'OK','CASH','NONE','NONE','NONE','NONE','NONE','1','1','NONE'),(129,'R137',130,'2016-02-12','1102','RENT for ROOM','DOWN',1600,'OK','CASH','NONE','NONE','NONE','NONE','NONE','1','1','NONE'),(130,'R150',141,'2016-02-16','1103','RENT for ROOM','DOWN',2850,'OK','CASH','NONE','NONE','NONE','NONE','NONE','1','1','NONE'),(131,'122',89,'2016-02-18','1104','RENT for ROOM','ROOM',2000,'OK','CASH','NONE','NONE','NONE','NONE','NONE','1','1','NONE'),(132,'123',75,'2016-02-18','1105','RENT for ROOM','ROOM',2000,'OK','CASH','NONE','NONE','NONE','NONE','NONE','1','1','NONE'),(133,'231',75,'2016-02-18','1106','RENT for ROOM','ROOM',2000,'OK','CASH','NONE','NONE','NONE','NONE','NONE','1','1','NONE'),(134,'1212',76,'2016-02-18','1107','RENT for ROOM','ROOM',1000,'OK','CASH','NONE','NONE','NONE','NONE','NONE','1','1','NONE'),(135,'12',78,'2016-02-18','1108','RENT for ROOM','ROOM',1000,'OK','CASH','NONE','NONE','NONE','NONE','NONE','1','1','NONE'),(136,'23',78,'2016-02-18','1109','RENT for ROOM','ROOM',1400,'OK','CASH','NONE','NONE','NONE','NONE','NONE','1','1','NONE'),(137,'3456',83,'2016-02-18','1110','RENT for ROOM','ROOM',1600,'OK','CASH','NONE','NONE','NONE','NONE','NONE','1','1','NONE'),(138,'2345',87,'2016-02-18','1111','RENT for ROOM','ROOM',1000,'OK','CASH','NONE','NONE','NONE','NONE','NONE','1','1','NONE'),(139,'5656',84,'2016-02-18','1112','RENT for ROOM','ROOM',2000,'OK','CASH','NONE','NONE','NONE','NONE','NONE','1','1','NONE'),(140,'1233',85,'2016-02-18','1113','RENT for ROOM','ROOM',1400,'OK','CASH','NONE','NONE','NONE','NONE','NONE','1','1','NONE'),(141,'1232',81,'2016-02-18','1114','RENT for ROOM','ROOM',1400,'OK','CASH','NONE','NONE','NONE','NONE','NONE','1','1','NONE'),(142,'12322',80,'2016-02-18','1115','RENT for ROOM','ROOM',1600,'OK','CASH','NONE','NONE','NONE','NONE','NONE','1','1','NONE'),(143,'1256',82,'2016-02-18','1116','RENT for ROOM','ROOM',1600,'OK','CASH','NONE','NONE','NONE','NONE','NONE','1','1','NONE'),(144,'1245',77,'2016-02-18','1117','RENT for ROOM','ROOM',2850,'OK','CASH','NONE','NONE','NONE','NONE','NONE','1','1','NONE'),(145,'7687',77,'2016-02-18','1118','RENT for ROOM','ROOM',2250,'OK','CASH','NONE','NONE','NONE','NONE','NONE','1','1','NONE'),(146,'2324',88,'2016-02-18','1119','RENT for ROOM','ROOM',2250,'OK','CASH','NONE','NONE','NONE','NONE','NONE','1','1','NONE'),(147,'4545',74,'2016-02-18','1120','RENT for ROOM','ROOM',15000,'OK','CASH','NONE','NONE','NONE','NONE','NONE','1','1','NONE'),(148,'3444',86,'2016-02-18','1121','RENT for ROOM','ROOM',5000,'OK','CASH','NONE','NONE','NONE','NONE','NONE','1','1','NONE'),(149,'R158',149,'2016-02-18','1122','RENT for ROOM','DOWN',2850,'OK','CASH','NONE','NONE','NONE','NONE','NONE','1','1','NONE'),(150,'3235',151,'2016-02-18','1123','RENT for ROOM','DOWN',1000,'OK','CASH','NONE','NONE','NONE','NONE','NONE','1','1','NONE'),(151,'R174',79,'2016-02-19','1124','RENT for ROOM','DOWN',2250,'OK','CASH','NONE','NONE','NONE','NONE','NONE','1','1','NONE'),(152,'R175',137,'2016-02-19','1125','RENT for ROOM','DOWN',1000,'OK','CASH','NONE','NONE','NONE','NONE','NONE','1','1','NONE'),(153,'R176',137,'2016-02-19','1126','RENT for ROOM','DOWN',1400,'OK','CASH','NONE','NONE','NONE','NONE','NONE','1','1','NONE'),(154,'R181',103,'2016-02-19','1127','RENT for ROOM','DOWN',1400,'OK','CASH','NONE','NONE','NONE','NONE','NONE','1','1','NONE'),(155,'R182',103,'2016-02-19','1128','RENT for ROOM','DOWN',1600,'OK','CASH','NONE','NONE','NONE','NONE','NONE','1','1','NONE'),(156,'R183',170,'2016-02-19','1129','RENT for ROOM','DOWN',2250,'OK','CASH','NONE','NONE','NONE','NONE','NONE','1','1','NONE'),(157,'R184',171,'2016-02-19','1130','RENT for ROOM','DOWN',1400,'OK','CASH','NONE','NONE','NONE','NONE','NONE','1','1','NONE'),(158,'R186',173,'2016-02-19','1131','RENT for ROOM','DOWN',1000,'OK','CASH','NONE','NONE','NONE','NONE','NONE','1','1','NONE'),(159,'R193',158,'2016-02-19','1132','RENT for ROOM','DOWN',5000,'OK','CASH','NONE','NONE','NONE','NONE','NONE','1','1','NONE'),(160,'R195',160,'2016-02-19','1133','RENT for ROOM','DOWN',2000,'OK','CASH','NONE','NONE','NONE','NONE','NONE','1','1','NONE'),(161,'R196',177,'2016-02-19','1134','RENT for ROOM','DOWN',2800,'OK','CASH','NONE','NONE','NONE','NONE','NONE','1','1','NONE'),(162,'R197',177,'2016-02-19','1135','RENT for ROOM','DOWN',4500,'OK','CASH','NONE','NONE','NONE','NONE','NONE','1','1','NONE'),(163,'3235',151,'2016-02-19','1136','RENT for ROOM','ROOM',1000,'OK','CASH','NONE','NONE','NONE','NONE','NONE','2','2','NONE'),(164,'3234',182,'2016-02-19','1137','RENT for ROOM','ROOM',2000,'OK','CASH','NONE','NONE','NONE','NONE','NONE','2','2','NONE'),(165,'3233',183,'2016-02-19','1138','RENT for ROOM','ROOM',2000,'OK','CASH','NONE','NONE','NONE','NONE','NONE','2','2','NONE'),(166,'3233',183,'2016-02-19','1139','EARLY CHECK IN','OTHERS',500,'OK','CASH','NONE','NONE','NONE','NONE','NONE','2','2','NONE'),(167,'3232',164,'2016-02-19','1140','EARLY CHECK IN','OTHERS',500,'OK','CASH','NONE','NONE','NONE','NONE','NONE','2','2','NONE'),(168,'3232',164,'2016-02-19','1140','RENT for ROOM','ROOM',2000,'OK','CASH','NONE','NONE','NONE','NONE','NONE','2','2','NONE'),(169,'R208',184,'2016-02-19','1141','RENT for ROOM','ROOM',5472,'CANCELLED','CREDIT CARD','MASTERCARD','BERNESSA','531823204792','NONE','NONE','3','3','NONE'),(170,'3236',185,'2016-02-19','1142','RENT for ROOM','ROOM',2000,'OK','CASH','NONE','NONE','NONE','NONE','NONE','3','3','NONE'),(171,'3240',90,'2016-02-19','1143','RENT for ROOM','DOWN',5000,'OK','CASH','NONE','NONE','NONE','NONE','NONE','1','1','NONE'),(172,'3240',90,'2016-02-19','1144','RENT for ROOM','ROOM',6400,'OK','BANK DEPOSIT','NONE','DANIELLE AGALOOS','NONE','BPI','CASH','1','1','NONE'),(173,'3237',187,'2016-02-19','1145','RENT for ROOM','ROOM',10000,'OK','CREDIT CARD','VISA CREDIT','ROEL MAMAAT','605045808092','NONE','NONE','3','3','NONE'),(174,'3238',165,'2016-02-19','1146','RENT for ROOM','ROOM',2000,'OK','BANK DEPOSIT','NONE','CHESKA GARCIA','NONE','BPI','300','3','3','NONE'),(175,'3239',189,'2016-02-19','1147','RENT for ROOM','ROOM',2000,'OK','CREDIT CARD','AMEX','EVANGELINE SICANGCO','605034406392','NONE','NONE','3','3','NONE'),(176,'3241',190,'2016-02-19','1148','RENT for ROOM','ROOM',2800,'OK','CASH','NONE','NONE','NONE','NONE','NONE','3','3','NONE'),(177,'R100',102,'2016-03-15','1149','RENT for ROOM','DOWN',1200,'VOID','BANK DEPOSIT','NONE','NEIL','NONE','BPI','123333','1','1','NONE'),(178,'3333444',192,'2016-03-28','1150','RENT for ROOM','DOWN',1100,'OK','BANK DEPOSIT','NONE','ELVIN','NONE','BPI','293746','1','1','NONE'),(179,'3333444',192,'2016-03-28','1151','RENT for ROOM','ROOM',1100,'OK','CASH','NONE','NONE','NONE','NONE','NONE','1','1',' '),(180,'9876',192,'2016-05-06','1152','RENT for ROOM','DOWN',2400,'OK','BANK DEPOSIT','NONE','ELVIN','NONE','BPI','1235678','1','1','NONE'),(181,'9876',192,'2016-05-06','1153','EXTRA BED','OTHERS',1000,'OK','CASH','NONE','NONE','NONE','NONE','NONE','1','1',' '),(182,'9876',192,'2016-05-06','1153','RENT for ROOM','ROOM',500,'OK','CASH','NONE','NONE','NONE','NONE','NONE','1','1',' '),(183,'700',192,'2016-05-06','1154','RENT for ROOM','DOWN',1000,'OK','BANK DEPOSIT','NONE','ELVIN','NONE','BPI','33333','1','1','NONE'),(184,'700',192,'2016-05-06','1155','RENT for ROOM','ROOM',500,'OK','CASH','NONE','NONE','NONE','NONE','NONE','1','1',' '),(185,'700',192,'2016-05-06','1156','RENT for ROOM','ROOM',500,'OK','CREDIT CARD','VISA','ELVIN','277738','NONE','NONE','1','1',' '),(186,'999998',193,'2016-06-06','1157','RENT for ROOM','DOWN',2200,'OK','CASH','NONE','NONE','NONE','NONE','NONE','1','1','NONE'),(187,'999998',193,'2016-06-06','1158','RENT for ROOM','ROOM',1000,'OK','CASH','NONE','NONE','NONE','NONE','NONE','1','1',' '),(188,'999998',193,'2016-06-06','1159','RENT for ROOM','ROOM',1200,'OK','CREDIT CARD','VISA','IVAN','223232','NONE','NONE','1','1',' ');

/*Table structure for table `reference_no` */

DROP TABLE IF EXISTS `reference_no`;

CREATE TABLE `reference_no` (
  `ORNO_FROM` bigint(20) DEFAULT NULL,
  `ORNO_TO` bigint(20) DEFAULT NULL,
  `RESERVATION_ID` bigint(20) DEFAULT NULL,
  `SEASON` varchar(15) DEFAULT 'PEAK'
) ENGINE=InnoDB DEFAULT CHARSET=latin1;

/*Data for the table `reference_no` */

insert  into `reference_no`(`ORNO_FROM`,`ORNO_TO`,`RESERVATION_ID`,`SEASON`) values (1160,5000,217,'SUPER PEAK');

/*Table structure for table `reppaidbalances` */

DROP TABLE IF EXISTS `reppaidbalances`;

CREATE TABLE `reppaidbalances` (
  `transid` bigint(20) NOT NULL AUTO_INCREMENT,
  `bookingid` varchar(20) DEFAULT NULL,
  `room` varchar(100) DEFAULT NULL,
  `checkin` date DEFAULT NULL,
  `checkout` date DEFAULT NULL,
  `guest` varchar(200) DEFAULT NULL,
  `payment` double DEFAULT NULL,
  `payDate` date DEFAULT NULL,
  `status` varchar(10) DEFAULT 'OK',
  PRIMARY KEY (`transid`)
) ENGINE=InnoDB AUTO_INCREMENT=10 DEFAULT CHARSET=latin1;

/*Data for the table `reppaidbalances` */

insert  into `reppaidbalances`(`transid`,`bookingid`,`room`,`checkin`,`checkout`,`guest`,`payment`,`payDate`,`status`) values (1,'231','ROOM 8','2016-02-13','2016-02-13','CHARISSA GOMEZ',2000,'2016-02-18','OK'),(2,'3235','ROOM 1','2016-02-19','2016-02-19','JAYSON CHAVEZ',1000,'2016-02-19','OK'),(3,'3233','ROOM 6','2016-02-19','2016-02-20','MICHAEL YONGEVE',500,'2016-02-19','OK'),(4,'3232','ROOM 7','2016-02-19','2016-02-19','ELYMAR JAVAR',2500,'2016-02-19','OK'),(5,'3240','BARKADA 1','2016-02-19','2016-02-21','KRISTINE PIZZARO',6400,'2016-02-19','OK'),(6,'3238','ROOM 5','2016-02-19','2016-02-20','CHESKA GARCIA',2000,'2016-02-19','OK'),(7,'3239','ROOM 4','2016-02-19','2016-02-19','EVANGELINE SICANGCO',2000,'2016-02-19','OK'),(8,'700','ROOM 8','2016-05-12','2016-05-13','ELVIN',500,'2016-05-06','OK'),(9,'999998','AVA','2016-06-07','2016-06-09','IVAN ALICANTE',1200,'2016-06-06','OK');

/*Table structure for table `room` */

DROP TABLE IF EXISTS `room`;

CREATE TABLE `room` (
  `roomID` int(11) NOT NULL AUTO_INCREMENT,
  `roomName` varchar(100) DEFAULT NULL,
  `building` varchar(35) DEFAULT NULL,
  PRIMARY KEY (`roomID`)
) ENGINE=InnoDB AUTO_INCREMENT=33 DEFAULT CHARSET=latin1;

/*Data for the table `room` */

insert  into `room`(`roomID`,`roomName`,`building`) values (1,'ROOM 1','RHODA'),(2,'ROOM 2','RHODA'),(3,'ROOM 3','RHODA'),(4,'ROOM 4','RHODA'),(5,'ROOM 5','RHODA'),(6,'ROOM 6','RHODA'),(7,'ROOM 7','RHODA'),(8,'ROOM 8','RHODA'),(9,'RAIZEL','RAIZEL'),(10,'AVA','AVA'),(11,'DORM A','DORM'),(12,'DORM B','DORM'),(13,'COTTAGE 1','REGINA'),(14,'COTTAGE 2','REGINA'),(15,'COTTAGE 3','REGINA'),(16,'COTTAGE 4','REGINA'),(17,'COTTAGE 5','REGINA'),(18,'BARKADA 1','RAISSA'),(19,'BARKADA 2','RAISSA'),(20,'BARKADA 3','RAISSA'),(21,'BARKADA 4','RAISSA'),(22,'BARKADA 5','RAISSA'),(23,'BARKADA 6','RAISSA'),(24,'BASEMENT 1','RAISSA'),(25,'BASEMENT 2','RAISSA'),(26,'BASEMENT 3','RAISSA'),(27,'YDA 1','YDA'),(28,'YDA 2','YDA'),(29,'YDA 3','YDA'),(30,'YDA 4','YDA'),(31,'YDA 5','YDA'),(32,'YDA 6','YDA');

/*Table structure for table `room_rates` */

DROP TABLE IF EXISTS `room_rates`;

CREATE TABLE `room_rates` (
  `rateID` int(11) NOT NULL AUTO_INCREMENT,
  `roomID` int(11) DEFAULT NULL,
  `roomName` varchar(100) DEFAULT NULL,
  `goodFor` varchar(20) DEFAULT NULL,
  `peak` double DEFAULT NULL,
  `superPeak` double DEFAULT NULL,
  `lowSeason` double DEFAULT NULL,
  `building` varchar(35) DEFAULT NULL,
  PRIMARY KEY (`rateID`)
) ENGINE=InnoDB AUTO_INCREMENT=52 DEFAULT CHARSET=latin1;

/*Data for the table `room_rates` */

insert  into `room_rates`(`rateID`,`roomID`,`roomName`,`goodFor`,`peak`,`superPeak`,`lowSeason`,`building`) values (1,1,'ROOM 1','2',2000,2200,1700,'RHODA'),(2,2,'ROOM 2','2',2000,2200,1700,'RHODA'),(3,3,'ROOM 3','2',2000,2200,1700,'RHODA'),(4,4,'ROOM 4','2',2000,2200,1700,'RHODA'),(5,5,'ROOM 5','2',2000,2200,1700,'RHODA'),(6,6,'ROOM 6','2',2000,2200,1700,'RHODA'),(7,7,'ROOM 7','2',2000,2200,1700,'RHODA'),(8,8,'ROOM 8','2',2000,2200,1700,'RHODA'),(9,9,'RAIZEL','3',2400,2700,2040,'RAIZEL'),(10,10,'AVA','2',2000,2200,1700,'AVA'),(11,11,'DORM A','6',4200,4800,3570,'DORM'),(12,12,'DORM B','3',2400,2700,2040,'DORM'),(13,13,'COTTAGE 1','9',5700,6500,4845,'REGINA'),(14,14,'COTTAGE 2','6',4500,5200,3825,'REGINA'),(15,15,'COTTAGE 3','3',2400,2700,2040,'REGINA'),(16,16,'COTTAGE 4','2',2000,2200,1700,'REGINA'),(17,17,'COTTAGE 5','4',2800,3200,2380,'REGINA'),(18,18,'BARKADA 1','10',5700,6500,4845,'RAISSA'),(19,19,'BARKADA 2','8',5000,5750,4250,'RAISSA'),(20,20,'BARKADA 3','4',2800,3200,2380,'RAISSA'),(21,21,'BARKADA 4','4',2800,3200,2380,'RAISSA'),(22,22,'BARKADA 5','4',2800,3200,2380,'RAISSA'),(23,23,'BARKADA 6','5',3200,3650,2720,'RAISSA'),(24,24,'BASEMENT 1','5',3200,3650,2720,'RAISSA'),(25,25,'BASEMENT 2','5',3200,3650,2720,'RAISSA'),(26,26,'BASEMENT 3','5',3200,3650,2720,'RAISSA'),(27,27,'YDA 1','7',5000,5750,4250,'YDA'),(28,28,'YDA 2','6',4500,5200,3825,'YDA'),(29,29,'YDA 3','4',2800,3200,2380,'YDA'),(30,30,'YDA 4','4',2800,3200,2380,'YDA'),(31,31,'YDA 5','6',4500,5200,3825,'YDA'),(32,32,'YDA 6','7',5000,5750,4250,'YDA'),(43,1,'ROOM 1','3',2400,2700,2040,'RHODA'),(44,2,'ROOM 2','3',2400,2700,2040,'RHODA'),(45,3,'ROOM 3','3',2400,2700,2040,'RHODA'),(46,4,'ROOM 4','3',2400,2700,2040,'RHODA'),(47,5,'ROOM 5','3',2400,2700,2040,'RHODA'),(48,6,'ROOM 6','3',2400,2700,2040,'RHODA'),(49,7,'ROOM 7','3',2400,2700,2040,'RHODA'),(50,8,'ROOM 8','3',2400,2700,2040,'RHODA'),(51,10,'AVA','3',2400,2700,2040,'AVA');

/*Table structure for table `room_reservations` */

DROP TABLE IF EXISTS `room_reservations`;

CREATE TABLE `room_reservations` (
  `transID` bigint(20) NOT NULL AUTO_INCREMENT,
  `bookingID` varchar(20) DEFAULT NULL,
  `roomID` bigint(20) DEFAULT NULL,
  `guestID` int(11) DEFAULT NULL,
  `reservedDate` date DEFAULT NULL,
  `status` varchar(20) DEFAULT 'OK',
  PRIMARY KEY (`transID`)
) ENGINE=InnoDB AUTO_INCREMENT=657 DEFAULT CHARSET=latin1;

/*Data for the table `room_reservations` */

insert  into `room_reservations`(`transID`,`bookingID`,`roomID`,`guestID`,`reservedDate`,`status`) values (306,'R90',1,92,'2016-02-20','OK'),(307,'R91',28,94,'2016-02-20','OK'),(308,'R92',15,96,'2016-02-20','OK'),(309,'R93',30,97,'2016-02-20','CANCELLED'),(310,'R94',24,98,'2016-02-20','OK'),(311,'R95',15,99,'2016-02-25','OK'),(312,'R95',15,99,'2016-02-26','OK'),(313,'R95',15,99,'2016-02-27','OK'),(314,'R96',17,99,'2016-02-25','OK'),(315,'R96',17,99,'2016-02-26','OK'),(316,'R96',17,99,'2016-02-27','OK'),(317,'R97',22,100,'2016-02-25','OK'),(318,'R98',1,100,'2016-02-25','OK'),(319,'R99',16,101,'2016-02-26','OK'),(329,'R104',14,108,'2016-02-27','OK'),(330,'R105',21,107,'2016-02-27','OK'),(331,'R106',20,109,'2016-02-27','OK'),(332,'R107',29,110,'2016-02-27','OK'),(333,'R108',22,111,'2016-02-27','OK'),(334,'R109',26,112,'2016-02-27','OK'),(335,'R109',26,112,'2016-02-28','OK'),(336,'R109',26,112,'2016-02-29','OK'),(337,'R110',21,113,'2016-03-19','OK'),(338,'R111',18,114,'2016-03-19','OK'),(339,'R111',18,114,'2016-03-20','OK'),(340,'R111',18,114,'2016-03-21','OK'),(341,'R112',19,114,'2016-03-19','OK'),(342,'R112',19,114,'2016-03-20','OK'),(343,'R112',19,114,'2016-03-21','OK'),(344,'R113',14,114,'2016-03-19','OK'),(345,'R113',14,114,'2016-03-20','OK'),(346,'R113',14,114,'2016-03-21','OK'),(347,'R114',27,114,'2016-03-19','OK'),(348,'R114',27,114,'2016-03-20','OK'),(349,'R114',27,114,'2016-03-21','OK'),(350,'R115',13,114,'2016-03-19','OK'),(351,'R115',13,114,'2016-03-20','OK'),(352,'R115',13,114,'2016-03-21','OK'),(353,'R116',15,115,'2016-03-12','OK'),(354,'R116',15,115,'2016-03-13','OK'),(355,'R116',15,115,'2016-03-14','OK'),(356,'R117',21,117,'2016-03-05','OK'),(357,'R118',24,119,'2016-03-23','OK'),(389,'R138',1,131,'2016-02-15','CANCELLED'),(390,'R139',21,132,'2016-02-26','OK'),(391,'R140',19,133,'2016-02-27','OK'),(392,'R141',27,134,'2016-02-27','OK'),(393,'R142',4,135,'2016-02-26','OK'),(394,'R142',4,135,'2016-02-27','OK'),(395,'R142',4,135,'2016-02-28','OK'),(396,'R143',3,136,'2016-02-27','OK'),(397,'R144',2,137,'2016-02-20','CANCELLED'),(398,'R145',2,138,'2016-02-26','OK'),(399,'R145',2,138,'2016-02-27','OK'),(400,'R146',24,139,'2016-03-05','OK'),(401,'R147',18,140,'2016-03-04','OK'),(402,'R148',1,140,'2016-03-05','OK'),(403,'R149',2,140,'2016-03-05','OK'),(426,'R168',3,109,'2016-02-18','VOID'),(427,'R168',3,109,'2016-02-19','VOID'),(428,'R169',3,136,'2016-02-18','VOID'),(429,'R169',3,136,'2016-02-19','VOID'),(443,'R179',32,168,'2016-02-26','OK'),(444,'R179',32,168,'2016-02-27','OK'),(445,'R179',32,168,'2016-02-28','OK'),(446,'R180',6,169,'2016-02-25','OK'),(447,'R180',6,169,'2016-02-26','OK'),(448,'R180',6,169,'2016-02-27','OK'),(449,'R181',30,103,'2016-02-27','OK'),(450,'R182',25,103,'2016-02-27','OK'),(451,'R183',14,170,'2016-02-27','OK'),(452,'R184',20,171,'2016-02-27','OK'),(453,'R185',13,172,'2016-02-27','OK'),(454,'R186',2,173,'2016-02-27','OK'),(455,'R187',15,118,'2016-03-05','OK'),(456,'R188',3,174,'2016-03-10','OK'),(457,'R188',3,174,'2016-03-11','OK'),(458,'R188',3,174,'2016-03-12','OK'),(459,'R189',1,175,'2016-03-12','OK'),(460,'R189',1,175,'2016-03-13','OK'),(461,'R189',1,175,'2016-03-14','OK'),(462,'R190',2,175,'2016-03-12','OK'),(463,'R190',2,175,'2016-03-13','OK'),(464,'R190',2,175,'2016-03-14','OK'),(465,'R191',1,116,'2016-03-19','OK'),(466,'R192',17,161,'2016-03-23','OK'),(467,'R193',19,158,'2016-03-24','OK'),(468,'R193',19,158,'2016-03-25','OK'),(469,'R193',19,158,'2016-03-26','OK'),(470,'R194',15,159,'2016-03-24','OK'),(471,'R194',15,159,'2016-03-25','OK'),(472,'R194',15,159,'2016-03-26','OK'),(473,'R195',2,160,'2016-03-24','OK'),(474,'R195',2,160,'2016-03-25','OK'),(475,'R195',2,160,'2016-03-26','OK'),(476,'R196',30,177,'2016-03-24','OK'),(477,'R196',30,177,'2016-03-25','OK'),(478,'R196',30,177,'2016-03-26','OK'),(479,'R197',31,177,'2016-03-24','OK'),(480,'R197',31,177,'2016-03-25','OK'),(481,'R197',31,177,'2016-03-26','OK'),(482,'R198',23,178,'2016-03-25','OK'),(483,'R198',23,178,'2016-03-26','OK'),(484,'R198',23,178,'2016-03-27','OK'),(485,'R199',25,126,'2016-03-26','OK'),(486,'R200',15,179,'2016-04-16','OK'),(487,'R201',2,179,'2016-04-16','OK'),(488,'R202',13,179,'2016-04-16','OK'),(489,'R203',27,180,'2016-04-23','OK'),(490,'R204',32,180,'2016-04-23','OK'),(491,'R205',1,181,'2016-05-05','OK'),(492,'R205',1,181,'2016-05-06','OK'),(493,'R206',2,181,'2016-05-05','OK'),(494,'R206',2,181,'2016-05-06','OK'),(497,'1212',2,76,'2016-02-13','OK'),(498,'122',1,89,'2016-02-14','OK'),(499,'123',1,75,'2016-02-13','OK'),(500,'1232',29,81,'2016-02-13','OK'),(501,'12322',24,80,'2016-02-13','OK'),(502,'1233',17,85,'2016-02-13','OK'),(503,'1234',2,73,'2016-02-09','OK'),(504,'1234',2,73,'2016-02-10','OK'),(505,'1234',2,73,'2016-02-11','OK'),(506,'1234',2,73,'2016-02-12','OK'),(507,'1245',13,77,'2016-02-13','OK'),(508,'1256',25,82,'2016-02-13','OK'),(509,'23',21,78,'2016-02-13','OK'),(510,'231',8,75,'2016-02-13','OK'),(511,'2324',14,88,'2016-02-14','OK'),(512,'2345',5,87,'2016-02-12','OK'),(514,'3235',1,151,'2016-02-19','OK'),(515,'3444',27,86,'2016-02-13','OK'),(516,'3456',26,83,'2016-02-13','OK'),(517,'4545',32,74,'2016-02-11','OK'),(518,'4545',32,74,'2016-02-12','OK'),(519,'4545',32,74,'2016-02-13','OK'),(520,'4545',32,74,'2016-02-14','OK'),(521,'5656',5,84,'2016-02-13','OK'),(522,'7687',14,77,'2016-02-13','OK'),(524,'R101',24,104,'2016-02-26','OK'),(525,'R101',24,104,'2016-02-27','OK'),(526,'R101',24,104,'2016-02-28','OK'),(527,'R102',28,105,'2016-02-26','OK'),(528,'R102',28,105,'2016-02-27','OK'),(529,'R102',28,105,'2016-02-28','OK'),(530,'R103',1,106,'2016-02-28','OK'),(531,'R103',1,106,'2016-02-29','OK'),(532,'R119',26,119,'2016-03-23','OK'),(533,'R120',1,120,'2016-03-23','OK'),(534,'R121',6,121,'2016-03-23','OK'),(535,'R150',13,141,'2016-02-20','OK'),(536,'R122',7,121,'2016-03-23','OK'),(537,'R151',3,142,'2016-02-25','OK'),(538,'R151',3,142,'2016-02-26','OK'),(539,'R151',3,142,'2016-02-27','OK'),(540,'R123',13,122,'2016-03-24','OK'),(541,'R123',13,122,'2016-03-25','OK'),(542,'R123',13,122,'2016-03-26','OK'),(543,'R123',13,122,'2016-03-27','OK'),(544,'R124',14,122,'2016-03-24','OK'),(545,'R124',14,122,'2016-03-25','OK'),(546,'R124',14,122,'2016-03-26','OK'),(547,'R124',14,122,'2016-03-27','OK'),(548,'R125',21,123,'2016-03-24','OK'),(549,'R125',21,123,'2016-03-25','OK'),(550,'R125',21,123,'2016-03-26','OK'),(551,'R125',21,123,'2016-03-27','OK'),(552,'R126',1,124,'2016-03-24','OK'),(553,'R127',17,125,'2016-03-24','OK'),(554,'R127',17,125,'2016-03-25','OK'),(555,'R127',17,125,'2016-03-26','OK'),(556,'R127',17,125,'2016-03-27','OK'),(557,'R128',24,126,'2016-03-26','OK'),(558,'R129',26,126,'2016-03-26','OK'),(559,'R130',16,127,'2016-03-29','OK'),(560,'R131',18,128,'2016-04-08','OK'),(561,'R132',13,128,'2016-04-08','OK'),(562,'R133',1,129,'2016-04-09','OK'),(563,'R134',2,129,'2016-04-09','OK'),(564,'R135',3,129,'2016-04-09','OK'),(565,'R136',18,130,'2016-04-30','OK'),(566,'R137',23,130,'2016-04-30','OK'),(567,'R207',8,167,'2016-02-20','OK'),(568,'R152',31,143,'2016-02-26','OK'),(569,'R153',3,144,'2016-02-20','OK'),(570,'R154',11,145,'2016-02-27','OK'),(571,'R155',4,146,'2016-02-21','OK'),(572,'R156',19,147,'2016-02-20','OK'),(573,'R157',32,147,'2016-02-20','OK'),(574,'R158',18,149,'2016-02-27','OK'),(575,'R160',6,150,'2016-02-27','OK'),(577,'R162',31,153,'2016-02-20','OK'),(578,'R163',23,154,'2016-02-27','OK'),(580,'R165',25,156,'2016-02-20','OK'),(581,'R166',22,157,'2016-02-20','OK'),(582,'R167',23,157,'2016-02-20','OK'),(588,'R173',5,95,'2016-02-20','OK'),(589,'R174',14,79,'2016-02-20','OK'),(590,'R175',2,137,'2016-02-20','OK'),(591,'R176',20,137,'2016-02-20','OK'),(592,'R177',21,137,'2016-02-20','OK'),(594,'3234',8,182,'2016-02-19','OK'),(595,'3234',8,182,'2016-02-20','OK'),(598,'3233',6,183,'2016-02-19','OK'),(599,'3233',6,183,'2016-02-20','OK'),(601,'3232',2,164,'2016-02-19','OK'),(602,'3232',2,164,'2016-02-20','OK'),(603,'R164',3,155,'2016-02-19','OK'),(604,'R164',3,155,'2016-02-20','OK'),(605,'R178',29,166,'2016-02-19','OK'),(606,'R178',29,166,'2016-02-20','OK'),(607,'R178',29,166,'2016-02-21','OK'),(608,'R208',18,184,'2016-02-22','CANCELLED'),(609,'R208',18,184,'2016-02-23','CANCELLED'),(610,'3236',16,185,'2016-02-19','OK'),(611,'3236',16,185,'2016-02-20','OK'),(612,'12',16,78,'2016-02-13','OK'),(613,'R209',24,186,'2016-03-24','OK'),(614,'R209',24,186,'2016-03-25','OK'),(615,'R209',24,186,'2016-03-26','OK'),(616,'R89',27,91,'2016-02-19','VOID'),(617,'R89',27,91,'2016-02-20','VOID'),(618,'R89',27,91,'2016-02-21','VOID'),(619,'3237',27,187,'2016-02-19','OK'),(620,'3237',27,187,'2016-02-20','OK'),(621,'3237',27,187,'2016-02-21','OK'),(622,'3238',5,165,'2016-02-19','OK'),(623,'3238',5,165,'2016-02-20','OK'),(624,'3239',4,189,'2016-02-19','OK'),(625,'3240',18,90,'2016-02-19','OK'),(626,'3240',18,90,'2016-02-20','OK'),(627,'3240',18,90,'2016-02-21','OK'),(628,'3241',30,190,'2016-02-19','OK'),(629,'3241',30,190,'2016-02-20','OK'),(630,'R170',17,97,'2016-02-19','OK'),(631,'R170',17,97,'2016-02-20','OK'),(632,'R170',17,97,'2016-02-21','OK'),(633,'R161',30,152,'2016-02-20','OK'),(634,'R161',30,152,'2016-02-21','OK'),(635,'R100',15,102,'2016-02-27','OK'),(636,'3333444',10,192,'2016-04-12','OK'),(637,'3333444',10,192,'2016-04-13','OK'),(641,'9876',7,192,'2016-05-20','OK'),(642,'9876',7,192,'2016-05-21','OK'),(643,'9876',7,192,'2016-05-22','OK'),(644,'700',8,192,'2016-05-12','CHECKED-OUT'),(645,'700',8,192,'2016-05-13','CHECKED-OUT'),(646,'R215',1,192,'2016-05-11','OK'),(647,'R215',1,192,'2016-05-12','OK'),(648,'R215',1,192,'2016-05-13','OK'),(652,'999998',10,193,'2016-06-07','CHECKED-OUT'),(653,'999998',10,193,'2016-06-08','CHECKED-OUT'),(654,'999998',10,193,'2016-06-09','CHECKED-OUT'),(655,'R217',8,193,'2016-06-09','OK'),(656,'R217',8,193,'2016-06-10','OK');

/*Table structure for table `settings` */

DROP TABLE IF EXISTS `settings`;

CREATE TABLE `settings` (
  `settingsid` int(11) NOT NULL AUTO_INCREMENT,
  `settingsname` varchar(100) DEFAULT NULL,
  `settingsvalue` varchar(100) DEFAULT NULL,
  PRIMARY KEY (`settingsid`)
) ENGINE=InnoDB AUTO_INCREMENT=2 DEFAULT CHARSET=latin1;

/*Data for the table `settings` */

insert  into `settings`(`settingsid`,`settingsname`,`settingsvalue`) values (1,'SEASON','PEAK');

/*Table structure for table `users` */

DROP TABLE IF EXISTS `users`;

CREATE TABLE `users` (
  `userID` int(11) NOT NULL AUTO_INCREMENT,
  `userName` varchar(50) NOT NULL,
  `password` varchar(150) NOT NULL,
  `name` varchar(200) DEFAULT NULL,
  `userType` varchar(10) NOT NULL DEFAULT 'user',
  `status` varchar(1) NOT NULL,
  PRIMARY KEY (`userID`)
) ENGINE=InnoDB AUTO_INCREMENT=11 DEFAULT CHARSET=utf8;

/*Data for the table `users` */

insert  into `users`(`userID`,`userName`,`password`,`name`,`userType`,`status`) values (6,'admin','21232f297a57a5a743894a0e4a801fc3','Administrator','admin','1'),(7,'jhovelyn','21232f297a57a5a743894a0e4a801fc3','Jhovelyn M. Malamion','user','1'),(8,'wendy','21232f297a57a5a743894a0e4a801fc3','Wendy B. Sung-ag','user','1'),(9,'rey','21232f297a57a5a743894a0e4a801fc3','Rey A. Baytista','user','1'),(10,'seph','21232f297a57a5a743894a0e4a801fc3','Joseph S. Abellera','user','1');

/*!40101 SET SQL_MODE=@OLD_SQL_MODE */;
/*!40014 SET FOREIGN_KEY_CHECKS=@OLD_FOREIGN_KEY_CHECKS */;
/*!40014 SET UNIQUE_CHECKS=@OLD_UNIQUE_CHECKS */;
/*!40111 SET SQL_NOTES=@OLD_SQL_NOTES */;
